,lat,lng,counts
0,39.9075,116.3972,4218
1,22.2783,114.1747,2556
2,1.3215,103.6957,1889
3,52.374,4.8897,1786
4,40.8043,-74.0,1661
5,23.1167,113.25,1504
6,31.2222,121.4581,1442
7,51.5085,0.0,1136
8,40.8344,-74.0,1066
9,16.0678,108.2208,1042
10,37.566,126.9784,1035
11,22.5455,114.0683,989
12,1.2897,103.8501,926
13,13.2257,77.575,871
14,50.1025,8.6299,846
15,55.7522,37.6156,828
16,50.1155,8.6842,712
17,10.823,106.6296,604
18,48.8534,2.3488,542
19,37.3924,-121.0,483
20,35.6895,139.6917,468
21,30.2936,120.1614,442
22,37.3483,-121.0,438
23,39.0997,-94.0,427
24,36.175,-115.0,417
25,19.0728,72.8826,332
26,21.0245,105.8412,331
27,40.7143,-74.0,298
28,59.9386,30.3141,292
29,39.0437,-77.0,278
30,52.2298,21.0118,274
31,34.0522,-118.0,252
32,43.7001,-79.0,248
33,37.3058,-78.0,231
34,49.6117,6.13,213
35,45.4643,9.1895,211
36,12.9719,77.5937,190
37,30.6667,104.0667,186
38,25.0478,121.5319,186
39,13.754,100.5014,184
40,41.2619,-95.0,179
41,34.0443,-118.0,177
42,59.3294,18.0687,176
43,40.7402,-73.0,166
44,49.7873,6.0654,158
45,25.7743,-80.0,154
46,32.0617,118.7778,152
47,19.4285,-99.0,146
48,51.2217,6.7762,144
49,39.1422,117.1767,141
50,18.5196,73.8554,135
51,24.1469,120.6839,135
52,33.4484,-112.0,121
53,37.3893,-122.0,117
54,13.0878,80.2785,117
55,50.4547,30.5238,116
56,37.6819,-121.0,115
57,37.7749,-122.0,114
58,3.4372,-76.0,113
59,41.0138,28.9497,111
60,3.1412,101.6865,111
61,38.8951,-77.0,102
62,22.3167,114.1833,102
63,28.6519,77.2315,102
64,53.9,27.5667,102
65,60.354,24.9794,100
66,22.3302,114.1595,100
67,40.4165,-3.0,97
68,35.6944,51.4215,94
69,36.819,10.1658,93
70,52.1733,5.2917,91
71,24.4798,118.0819,89
72,31.3041,120.5954,88
73,37.3394,-121.0,86
74,4.6097,-74.0,84
75,48.5839,7.7455,83
76,50.6942,3.1746,80
77,47.4984,19.0404,80
78,22.5231,113.3791,79
79,59.9321,30.1968,78
80,37.5483,-121.0,78
81,37.7309,-122.0,77
82,51.1658,10.4216,76
83,49.4542,11.0775,75
84,45.8144,15.978,75
85,30.466,30.932,75
86,45.5088,-73.0,74
87,36.3491,127.3849,74
88,53.3331,-6.0,73
89,36.0649,120.3804,72
90,50.4779,12.3713,72
91,45.8399,-119.0,71
92,50.8505,4.3488,71
93,23.7104,90.4074,70
94,42.6975,23.3241,67
95,17.384,78.4564,66
96,34.2583,108.9286,65
97,52.3808,4.6368,64
98,10.488,-66.0,60
99,41.85,-87.0,59
100,36.0811,-115.0,58
101,42.8865,-78.0,57
102,44.4323,26.1063,57
103,22.9908,120.2133,57
104,47.6062,-122.0,57
105,52.5244,13.4105,57
106,47.2343,-119.0,56
107,22.5626,88.363,56
108,37.4565,126.7052,56
109,32.7831,-96.0,54
110,59.437,24.7535,53
111,32.0809,34.7806,53
112,34.0559,-118.0,51
113,40.2347,-111.0,50
114,47.3667,8.55,50
115,41.2647,69.2163,49
116,31.8639,117.2808,48
117,6.2518,-75.0,48
118,32.0303,120.8747,48
119,40.0334,-83.0,47
120,29.5603,106.5577,47
121,45.504,-73.0,47
122,47.9077,106.8832,47
123,38.9122,121.6022,46
124,47.2313,39.7233,45
125,56.8519,60.6122,45
126,55.752,37.615,45
127,29.7633,-95.0,45
128,14.6407,-90.0,45
129,33.749,-84.0,44
130,33.7215,73.0433,44
131,48.2085,16.3721,41
132,41.5878,-93.0,41
133,24.25,120.7169,41
134,22.7179,75.8333,40
135,39.9122,116.3561,40
136,25.0772,55.3093,40
137,27.7017,85.3206,40
138,50.9865,2.1281,40
139,40.1956,29.0601,39
140,45.5234,-122.0,39
141,6.4541,3.3947,39
142,50.9519,1.8563,38
143,45.4661,16.3783,38
144,36.6676,-78.0,38
145,55.0415,82.9346,38
146,56.3287,44.002,37
147,35.6745,139.6978,37
148,41.8919,12.5113,37
149,23.2402,91.1214,37
150,24.8608,67.0104,36
151,32.8546,-79.0,36
152,52.1794,20.9461,36
153,1.3557,103.8237,35
154,22.283,114.1585,35
155,35.1017,129.03,35
156,30.0626,31.2497,34
157,26.0771,119.2915,33
158,37.9838,23.7278,33
159,48.4666,35.0407,33
160,56.946,24.1059,33
161,37.3476,-121.0,33
162,52.2978,104.2964,33
163,35.8703,128.5911,32
164,34.6937,135.5022,32
165,59.9127,10.7461,32
166,50.088,14.4208,32
167,14.6937,-17.0,32
168,53.5507,9.993,32
169,50.9333,6.95,31
170,16.8053,96.1561,30
171,34.7578,113.6486,30
172,22.6163,120.3133,30
173,14.6488,121.0509,30
174,59.863,38.3813,29
175,58.0105,56.2502,29
176,41.3888,2.159,29
177,25.0143,121.4672,29
178,40.1811,44.5136,28
179,28.684,115.8531,28
180,38.7167,-9.0,28
181,51.1801,71.446,28
182,22.2006,113.5461,28
183,4.8133,-75.0,27
184,3.5833,98.6667,27
185,53.4809,-2.0,27
186,24.9937,121.297,27
187,48.1374,11.5755,26
188,51.9942,4.2097,26
189,30.5833,114.2667,26
190,60.1695,24.9354,26
191,3.3761,-74.0,26
192,26.9196,75.7878,26
193,28.6358,77.2245,25
194,45.0448,38.976,25
195,23.0258,72.5873,24
196,33.5092,-111.0,24
197,15.8794,108.335,24
198,0.3163,32.5822,24
199,43.8508,126.5603,24
200,40.3777,49.892,24
201,50.0614,19.9366,23
202,37.6564,126.835,23
203,30.7363,76.7884,23
204,17.6801,83.2016,22
205,5.556,0.0,22
206,37.3541,-121.0,22
207,49.2061,7.9753,22
208,28.58,77.33,22
209,22.8167,108.3167,22
210,50.1153,8.6823,22
211,6.9355,79.8487,22
212,29.4375,-98.0,22
213,36.6683,116.9972,22
214,37.4386,127.1378,22
215,33.5973,73.0479,22
216,28.6453,77.2128,21
217,23.4792,120.4489,21
218,38.132,13.3356,21
219,41.6941,44.8337,21
220,28.1987,112.9709,21
221,23.9567,120.5761,21
222,55.7887,49.1221,20
223,22.7684,-102.0,20
224,41.7922,123.4328,20
225,16.4391,107.7144,20
226,9.025,38.7469,20
227,38.4681,106.2731,20
228,24.7903,-107.0,20
229,37.5697,126.9804,20
230,42.3314,-83.0,20
231,31.9552,35.945,20
232,43.2567,76.9286,19
233,12.2451,109.1943,19
234,48.4827,135.0838,19
235,19.1167,72.9833,19
236,11.0055,76.9661,19
237,56.7333,37.1667,19
238,8.4855,76.9492,19
239,45.5946,-121.0,19
240,53.3606,83.7636,19
241,9.9399,76.2602,19
242,44.804,20.4651,19
243,33.5883,-7.0,19
244,50.2667,8.45,19
245,32.2211,35.2544,19
246,33.6013,-111.0,18
247,20.6668,-103.0,18
248,48.7823,9.177,18
249,11.5625,104.916,18
250,38.6273,-90.0,18
251,10.0124,105.0809,18
252,40.6443,-8.0,18
253,49.9808,36.2527,18
254,25.9714,119.6457,18
255,5.3544,-4.0,18
256,21.3087,76.2303,18
257,1.3558,103.8232,18
258,51.5,0.0,18
259,35.8219,127.1489,18
260,49.1166,10.7597,17
261,4.6357,-74.0,17
262,46.4857,30.7438,17
263,13.0489,80.1149,17
264,26.0614,119.3061,17
265,45.0705,7.6868,17
266,37.4989,126.7831,17
267,25.2855,51.531,17
268,37.2911,127.0089,16
269,36.5924,127.2922,16
270,23.9157,120.6639,16
271,52.4245,10.7815,16
272,11.5643,108.9886,16
273,13.5137,2.1098,16
274,5.4112,100.3354,16
275,1.1496,103.8916,16
276,42.87,74.59,16
277,38.7071,-121.0,16
278,37.7742,29.0875,16
279,49.0094,8.4044,16
280,10.9447,106.8243,16
281,8.4333,99.9667,16
282,50.4267,80.2667,16
283,32.553,-92.0,16
284,52.4069,16.9299,15
285,52.6031,39.5708,15
286,48.073,19.2961,15
287,35.1547,126.9156,15
288,35.5372,129.3167,15
289,18.7904,98.9847,15
290,21.4901,39.1862,15
291,53.2001,50.15,15
292,18.4719,-69.0,15
293,25.0389,102.7183,15
294,37.3925,126.9269,15
295,33.8359,-118.0,15
296,54.6892,25.2798,15
297,43.0457,1.6281,15
298,19.0323,73.0428,15
299,3.5394,-76.0,14
300,39.9523,-75.0,14
301,26.8393,80.9231,14
302,43.88,125.3228,14
303,29.4241,-98.0,14
304,54.9924,73.3686,14
305,43.8486,18.3564,14
306,61.25,73.4167,14
307,61.0587,28.1887,14
308,31.1302,104.382,14
309,19.9086,99.8325,14
310,33.4665,-111.0,14
311,15.1205,108.7923,14
312,35.6699,-81.0,14
313,55.154,61.4291,14
314,3.0333,101.75,14
315,34.9763,128.3236,14
316,45.5229,-122.0,14
317,64.1355,-21.0,14
318,32.7157,-117.0,13
319,51.8428,4.1503,13
320,40.7895,-74.0,13
321,40.7357,-74.0,13
322,51.7727,55.0988,13
323,37.2068,126.8169,13
324,14.6042,120.9822,13
325,45.75,126.65,13
326,36.7323,3.0875,13
327,43.25,76.9167,13
328,14.8818,103.4936,13
329,35.8327,50.9915,13
330,43.2627,-2.0,13
331,54.7431,55.9678,12
332,28.0317,110.9544,12
333,21.1959,72.8302,12
334,29.3328,48.0286,12
335,45.8833,16.4217,12
336,56.0184,92.8672,12
337,45.7485,4.8467,12
338,21.5942,105.8482,12
339,40.919,110.3831,12
340,35.4333,139.65,12
341,24.4353,98.5837,12
342,48.1482,17.1067,12
343,42.9764,47.5024,12
344,24.8036,120.9686,12
345,38.9984,112.0114,12
346,39.0373,-77.0,12
347,30.7522,120.75,12
348,57.1522,65.5272,12
349,23.018,113.7487,12
350,24.4512,54.397,12
351,51.965,6.2889,12
352,60.6745,17.1417,12
353,35.7167,140.2333,12
354,57.6299,39.8737,12
355,24.5858,73.7135,12
356,64.4165,40.8122,11
357,0.5167,101.4417,11
358,45.4672,7.8762,11
359,31.558,74.3507,11
360,41.1496,-8.0,11
361,14.3545,108.0076,11
362,51.1854,6.4417,11
363,51.495,6.1569,11
364,22.6266,120.3613,11
365,7.2119,125.4422,11
366,31.8972,54.3675,11
367,4.5339,-75.0,11
368,44.4048,8.9444,11
369,29.4159,121.3397,11
370,35.6823,139.7198,11
371,37.6367,127.2142,11
372,18.6734,105.6923,11
373,52.5259,5.7235,11
374,39.7392,-104.0,11
375,39.4697,0.0,11
376,12.6675,108.0378,11
377,10.6666,-71.0,11
378,21.1861,106.0763,11
379,10.9051,106.6995,11
380,51.7706,19.4739,11
381,46.3497,48.0408,11
382,20.5881,-100.0,11
383,37.3179,-121.0,11
384,46.0511,14.5051,11
385,24.0733,120.5628,11
386,48.8157,2.3849,11
387,37.3998,126.7998,10
388,47.8517,35.1171,10
389,25.6751,-100.0,10
390,31.2018,29.9158,10
391,14.9707,102.102,10
392,5.327,100.2735,10
393,42.3584,-71.0,10
394,30.912,75.8538,10
395,23.7094,120.5433,10
396,56.9972,40.9714,10
397,16.4467,102.833,10
398,41.8006,-73.0,10
399,10.9685,-74.0,10
400,12.1328,-86.0,10
401,36.1136,128.336,10
402,24.9139,118.5858,10
403,57.048,9.9187,10
404,32.9482,-96.0,10
405,16.6956,74.2317,10
406,51.6992,5.3042,10
407,47.654,18.5972,10
408,49.8383,24.0232,10
409,33.5102,36.2913,10
410,33.5097,126.5219,10
411,13.8196,100.0443,10
412,21.3089,105.6049,10
413,51.5406,46.0086,10
414,40.7185,-74.0,10
415,23.2547,77.4029,10
416,40.4993,-74.0,10
417,51.0501,-114.0,10
418,59.2239,39.884,10
419,37.563,-122.0,10
420,21.2333,81.6333,10
421,29.1026,-110.0,10
422,57.7072,11.9668,10
423,56.6388,47.8908,10
424,22.3714,114.1133,10
425,28.6194,-81.0,10
426,35.7721,-78.0,9
427,39.8152,115.9307,9
428,41.4225,-87.0,9
429,37.5176,-121.0,9
430,34.9505,127.4878,9
431,19.0931,72.9049,9
432,37.2956,126.9208,9
433,37.1925,127.2788,9
434,37.3236,126.8219,9
435,41.9965,21.4314,9
436,34.8128,126.3918,9
437,16.4619,107.5955,9
438,36.3524,127.3606,9
439,0.0389,-51.0,9
440,53.2192,6.5667,9
441,43.6043,1.4437,9
442,45.2117,36.7161,9
443,55.9116,37.7308,9
444,46.3237,-120.0,9
445,50.6107,36.5802,9
446,31.5689,120.2886,9
447,31.4155,73.0897,9
448,8.6135,-71.0,9
449,30.03,31.47,9
450,30.0094,31.2086,9
451,53.5303,49.3461,9
452,53.5501,-113.0,9
453,56.8498,53.2045,9
454,10.0647,-69.0,9
455,5.9749,116.0724,9
456,47.3721,8.5417,9
457,15.7047,100.1372,9
458,25.7629,-80.0,9
459,47.0951,37.5413,9
460,45.7064,9.6669,8
461,50.2073,8.5775,8
462,48.49,3.1477,8
463,40.7086,-74.0,8
464,35.2342,128.8811,8
465,36.2981,59.6057,8
466,23.0268,113.1315,8
467,17.9667,102.6,8
468,24.757,121.753,8
469,34.6392,-120.0,8
470,35.6738,139.7616,8
471,47.0056,28.8575,8
472,38.3167,116.8667,8
473,33.3406,44.4009,8
474,54.1961,37.6182,8
475,18.5818,-68.0,8
476,20.9505,107.0734,8
477,36.8567,127.4433,8
478,13.5367,99.8171,8
479,24.96,121.5389,8
480,49.2358,6.1717,8
481,19.0379,-98.0,8
482,35.342,129.0336,8
483,24.6009,98.7042,8
484,54.9027,23.9096,8
485,37.3514,127.9453,8
486,3.8667,11.5167,8
487,50.5217,30.2506,8
488,15.2384,104.8487,8
489,37.3329,-121.0,8
490,7.1254,-73.0,8
491,26.5833,106.7167,8
492,43.4254,-80.0,8
493,26.6617,119.5228,8
494,51.2563,7.1482,8
495,43.0731,-89.0,8
496,37.5308,126.8751,8
497,31.2251,-7.0,8
498,23.5841,58.4078,8
499,14.5869,121.0614,8
500,26.4344,50.1033,8
501,51.9225,4.4792,8
502,44.9572,34.1108,8
503,37.4024,126.6997,8
504,30.6946,76.8504,8
505,51.7058,5.4625,8
506,20.2581,105.9797,8
507,45.3053,14.7156,8
508,45.4299,10.9844,8
509,42.5061,27.4678,8
510,51.4817,7.2165,7
511,48.8355,2.2413,7
512,48.7194,44.5018,7
513,36.3631,127.3729,7
514,38.8048,-77.0,7
515,32.9,115.8167,7
516,54.3523,18.6491,7
517,52.5427,13.0584,7
518,53.0831,9.9977,7
519,37.41,127.2572,7
520,35.0257,-78.0,7
521,48.6844,6.185,7
522,52.6461,9.2209,7
523,52.6958,6.1944,7
524,10.4138,76.2606,7
525,52.8475,8.045,7
526,22.6714,120.4881,7
527,20.7236,-103.0,7
528,49.4075,11.1649,7
529,51.4325,6.7652,7
530,49.3856,11.3573,7
531,50.8703,20.6275,7
532,52.2,0.1167,7
533,51.2205,4.4003,7
534,37.4922,15.0704,7
535,52.3705,9.7332,7
536,21.0029,75.566,7
537,25.1825,75.8391,7
538,42.7325,-84.0,7
539,26.2279,50.5857,7
540,46.2389,14.3556,7
541,40.7282,-74.0,7
542,26.2298,78.1734,7
543,40.7608,-111.0,7
544,45.5356,10.2147,7
545,40.8223,-74.0,7
546,45.0936,7.6934,7
547,34.0331,-5.0,7
548,34.008,71.5785,7
549,44.4938,11.3387,7
550,56.1322,47.2519,7
551,44.2233,42.0578,7
552,33.6695,-117.0,7
553,16.7597,-93.0,7
554,21.5095,-104.0,7
555,56.4977,84.9744,7
556,41.3597,2.1003,7
557,43.8668,-79.0,7
558,33.7456,-117.0,7
559,33.7739,-117.0,7
560,41.6639,-83.0,7
561,41.6932,-8.0,7
562,43.648,-79.0,7
563,43.4628,11.8807,7
564,33.9137,-98.0,7
565,15.5518,32.5324,7
566,28.4112,77.3132,7
567,1.3174,103.8563,7
568,3.0367,101.4433,7
569,45.7537,21.2257,7
570,47.4018,-122.0,7
571,24.5643,120.8237,7
572,40.2338,-111.0,7
573,34.1361,-117.0,7
574,55.6759,12.5655,7
575,55.1904,30.2049,7
576,40.2811,-7.0,7
577,18.2923,99.4928,7
578,40.4167,-86.0,7
579,40.4353,-3.0,7
580,40.2056,-8.0,7
581,21.2339,110.3875,7
582,6.1236,102.2433,7
583,17.997,-76.0,7
584,48.1089,11.6074,7
585,3.0851,101.5328,7
586,55.4242,37.5547,7
587,12.7111,77.6956,7
588,54.9766,39.0444,7
589,54.6269,39.6916,6
590,58.718,5.5686,6
591,22.3397,87.325,6
592,52.0549,15.0988,6
593,61.2181,-149.0,6
594,54.9158,37.4111,6
595,35.6769,139.652,6
596,37.1882,-3.0,6
597,52.1458,5.3,6
598,56.7686,54.1148,6
599,4.5841,101.0829,6
600,55.3333,86.0833,6
601,52.3567,6.6625,6
602,53.0758,8.8072,6
603,20.8648,106.6834,6
604,55.8094,37.9581,6
605,28.8389,78.7768,6
606,29.8022,119.624,6
607,21.2731,106.1946,6
608,2.9936,101.5726,6
609,4.6041,-74.0,6
610,19.2437,73.1355,6
611,6.1287,1.2215,6
612,49.1399,9.2205,6
613,32.6657,-16.0,6
614,38.7271,-9.0,6
615,38.881,-77.0,6
616,11.9465,108.4419,6
617,12.3657,-1.0,6
618,12.6809,101.258,6
619,46.8667,20.55,6
620,46.8123,-71.0,6
621,46.7791,-56.0,6
622,13.4383,-16.0,6
623,13.658,102.5636,6
624,34.0553,-117.0,6
625,46.2991,30.6553,6
626,46.253,20.1482,6
627,17.4157,102.7859,6
628,23.9769,121.6044,6
629,44.98,-93.0,6
630,41.0265,-73.0,6
631,23.5158,87.308,6
632,43.9092,12.9164,6
633,33.9631,-118.0,6
634,14.6328,-90.0,6
635,43.621,6.9714,6
636,33.8675,-117.0,6
637,43.297,5.3811,6
638,42.3,69.6,6
639,42.4411,19.2636,6
640,38.7135,-77.0,6
641,38.9014,-77.0,6
642,49.1836,-123.0,6
643,49.4183,26.9794,6
644,51.48,-3.0,6
645,25.7466,89.2517,6
646,19.8,105.7667,6
647,19.6705,-99.0,6
648,51.2167,6.2667,6
649,51.209,10.4527,6
650,37.5843,127.0288,6
651,9.9333,-84.0,6
652,10.3167,123.8907,6
653,49.5631,3.6271,6
654,37.8313,-122.0,6
655,19.2879,-99.0,6
656,50.0413,21.999,6
657,23.7223,90.311,6
658,32.6525,51.6746,6
659,10.9289,108.1021,6
660,49.2133,6.1596,6
661,49.2302,-122.0,6
662,34.4333,-117.0,6
663,46.35,25.8,6
664,49.3628,8.2581,6
665,23.2329,-106.0,5
666,33.9526,-84.0,5
667,34.0686,-117.0,5
668,23.726,90.4251,5
669,33.9375,-117.0,5
670,25.7906,-80.0,5
671,22.602,75.6965,5
672,35.1085,-77.0,5
673,34.6816,126.9069,5
674,24.899,91.872,5
675,28.6627,121.4331,5
676,33.4223,-111.0,5
677,24.4341,118.3171,5
678,33.2533,126.5618,5
679,32.1557,74.187,5
680,34.7398,127.6489,5
681,33.5207,-86.0,5
682,22.8233,104.9836,5
683,33.4936,-117.0,5
684,22.5988,80.3712,5
685,42.15,24.75,5
686,46.9481,7.4474,5
687,39.1142,-94.0,5
688,45.6489,8.7693,5
689,45.4948,41.2208,5
690,45.4369,28.0503,5
691,51.4416,0.1487,5
692,45.2115,7.7336,5
693,7.0292,-71.0,5
694,44.6478,10.9254,5
695,51.5051,7.0965,5
696,51.672,39.1843,5
697,43.8015,-79.0,5
698,43.7792,11.2463,5
699,15.3255,120.6572,5
700,42.7884,-71.0,5
701,42.763,11.1094,5
702,42.6,23.0333,5
703,16.1848,103.3007,5
704,52.0767,4.2986,5
705,40.8522,14.2681,5
706,40.6533,35.8331,5
707,40.5914,-4.0,5
708,53.0639,158.6275,5
709,45.696,9.6672,5
710,46.2149,2.2102,5
711,51.2249,6.7743,5
712,50.8438,16.4886,5
713,49.6768,12.1561,5
714,49.4445,32.0574,5
715,49.2497,-123.0,5
716,9.9472,106.3423,5
717,49.1952,16.608,5
718,50.633,3.0586,5
719,48.9231,24.7125,5
720,50.7566,12.6303,5
721,48.8648,2.3335,5
722,9.3244,105.9801,5
723,46.4907,11.3398,5
724,50.9292,12.1996,5
725,48.3178,40.2595,5
726,8.9936,-79.0,5
727,51.1,17.0333,5
728,47.3828,8.5307,5
729,35.8145,139.6602,5
730,46.7667,23.6,5
731,46.6369,32.6146,5
732,13.2167,80.3167,5
733,39.9199,32.8543,5
734,50.0986,25.7279,5
735,19.197,72.9635,5
736,55.7858,37.6256,5
737,59.8944,30.2642,5
738,37.5805,126.9084,5
739,55.7255,52.4112,5
740,36.7202,-4.0,5
741,58.0057,56.1953,5
742,37.4054,127.1153,5
743,36.9156,127.1314,5
744,36.6009,126.665,5
745,37.9445,-87.0,5
746,37.0587,-95.0,5
747,37.8747,127.7342,5
748,55.9521,-3.0,5
749,2.4312,103.8405,5
750,37.8044,-122.0,5
751,36.6372,127.4897,5
752,1.6671,101.4432,5
753,36.3304,127.4159,5
754,38.4262,27.4173,5
755,20.2724,85.8338,5
756,21.6422,69.6093,5
757,18.9261,-99.0,5
758,0.9592,-79.0,5
759,38.4405,-122.0,5
760,37.1811,33.215,5
761,37.6567,-121.0,5
762,37.3041,127.1025,5
763,20.6464,106.0511,5
764,1.1494,104.0249,5
765,60.3032,5.2855,5
766,37.5454,126.9296,5
767,51.1333,10.4833,4
768,57.7665,40.9269,4
769,51.1631,21.2398,4
770,31.3256,75.5792,4
771,54.7551,83.0967,4
772,31.3402,34.3063,4
773,57.9303,12.5335,4
774,31.5134,74.3467,4
775,31.6342,-7.0,4
776,50.7766,6.0834,4
777,60.1714,24.9316,4
778,50.6665,-120.0,4
779,32.0871,34.8875,4
780,27.9475,-82.0,4
781,27.8333,113.15,4
782,50.383,8.0611,4
783,50.2584,19.0275,4
784,57.6731,66.1725,4
785,51.3983,0.0,4
786,51.2302,6.7135,4
787,52.525,5.7181,4
788,50.1112,8.6831,4
789,52.221,20.9853,4
790,52.2284,21.0522,4
791,52.2289,21.0519,4
792,52.363,4.8924,4
793,52.4088,7.9729,4
794,29.9547,-90.0,4
795,51.2405,6.1838,4
796,52.9536,-1.0,4
797,55.0411,82.9344,4
798,52.9687,43.8708,4
799,53.45,-2.0,4
800,53.5833,-2.0,4
801,53.7965,-1.0,4
802,30.2832,57.0788,4
803,29.1068,119.6442,4
804,30.3322,-81.0,4
805,51.9017,4.1625,4
806,28.98,77.7064,4
807,51.8657,-2.0,4
808,51.7518,11.9709,4
809,51.5095,0.0,4
810,51.495,4.2917,4
811,56.1365,40.3966,4
812,51.4566,7.0123,4
813,56.2993,39.383,4
814,54.7065,20.511,4
815,56.8777,14.8091,4
816,31.0364,31.3807,4
817,57.6531,14.6968,4
818,51.3833,0.0,4
819,30.1524,118.5191,4
820,35.6959,139.7036,4
821,50.1006,8.7665,4
822,40.4987,47.4925,4
823,34.3665,-89.0,4
824,34.3482,62.1997,4
825,34.2619,-118.0,4
826,39.084,-76.0,4
827,34.1993,-118.0,4
828,40.0951,-75.0,4
829,34.1121,-118.0,4
830,40.5187,-74.0,4
831,38.0414,114.4786,4
832,40.5891,-75.0,4
833,40.9246,-8.0,4
834,41.0153,28.9827,4
835,41.0177,28.9744,4
836,34.0132,-6.0,4
837,41.1437,-104.0,4
838,33.9993,105.1999,4
839,38.4016,-122.0,4
840,37.8227,-121.0,4
841,41.2239,1.7251,4
842,36.7477,-119.0,4
843,36.1833,44.0119,4
844,36.3451,127.3678,4
845,36.3462,127.3721,4
846,36.3549,-79.0,4
847,36.3569,127.3601,4
848,36.5588,128.1774,4
849,35.2271,-80.0,4
850,37.0058,-121.0,4
851,34.6913,135.183,4
852,35.0292,126.7175,4
853,34.9618,-89.0,4
854,37.4056,-122.0,4
855,37.5303,127.1246,4
856,37.5662,126.9777,4
857,37.5992,-1.0,4
858,37.6688,-122.0,4
859,41.2191,-104.0,4
860,41.35,2.0833,4
861,49.8347,18.282,4
862,48.702,2.5466,4
863,47.3948,0.704,4
864,47.7333,20.2667,4
865,47.9658,126.0196,4
866,48.1958,-114.0,4
867,32.9682,-96.0,4
868,48.5172,34.6062,4
869,48.5665,13.4312,4
870,32.9245,-96.0,4
871,46.434,19.4848,4
872,48.7178,2.4934,4
873,48.8763,2.3183,4
874,48.8833,8.3333,4
875,48.9496,2.5684,4
876,49.1191,6.1727,4
877,49.2322,28.4687,4
878,49.7472,3.073,4
879,46.5833,125.0,4
880,33.471,-81.0,4
881,42.0411,-87.0,4
882,43.8664,10.3446,4
883,33.9533,-117.0,4
884,27.2939,-80.0,4
885,42.4584,14.2028,4
886,43.0367,44.6678,4
887,43.7542,11.1879,4
888,43.8487,25.9534,4
889,33.7283,-117.0,4
890,44.0486,43.0594,4
891,46.2022,6.1457,4
892,44.8404,0.0,4
893,45.008,34.0266,4
894,45.4221,9.0634,4
895,33.5856,130.4295,4
896,45.6668,-73.0,4
897,45.8082,9.0832,4
898,45.8334,-64.0,4
899,27.6768,84.4359,4
900,65.0124,25.4682,4
901,16.8248,100.2586,4
902,10.2415,106.3758,4
903,4.3831,102.4011,4
904,2.0371,45.3438,4
905,13.1119,99.9447,4
906,13.1073,-59.0,4
907,10.9621,79.3912,4
908,5.647,100.4877,4
909,25.3374,55.4121,4
910,25.3167,83.0104,4
911,21.3996,105.2222,4
912,2.9353,101.6911,4
913,16.4328,103.5066,4
914,20.6347,-103.0,4
915,26.4652,80.3498,4
916,3.0095,-76.0,4
917,16.5074,80.6466,4
918,23.5654,119.5863,4
919,10.2909,105.7563,4
920,9.1768,105.1524,4
921,13.3622,100.9835,4
922,10.9804,106.6519,4
923,19.05,72.8667,4
924,10.9184,-74.0,4
925,22.7233,75.87,4
926,4.7464,-75.0,4
927,13.7765,109.2237,4
928,4.8517,31.5825,4
929,1.5495,103.708,4
930,1.55,110.3333,4
931,11.6538,78.1554,4
932,18.5805,99.0075,4
933,25.5941,85.1356,4
934,19.4517,-70.0,4
935,22.2916,70.7932,4
936,10.346,107.0843,4
937,14.6644,121.0469,4
938,2.7297,101.9381,4
939,24.6877,46.7219,4
940,6.8045,-58.0,4
941,3.1073,101.6067,4
942,20.941,106.333,4
943,14.6037,-61.0,4
944,17.4139,78.5053,4
945,4.0847,-76.0,4
946,17.4688,106.6223,4
947,7.3915,-73.0,4
948,16.8163,107.1003,4
949,6.7497,125.3572,4
950,53.4106,-2.0,3
951,34.0806,-118.0,3
952,34.1478,-118.0,3
953,48.752,8.0052,3
954,53.3925,-2.0,3
955,39.7359,-75.0,3
956,11.535,106.8832,3
957,39.7851,-86.0,3
958,48.6328,2.4405,3
959,41.0318,28.9684,3
960,47.685,16.5905,3
961,33.4188,-86.0,3
962,53.3038,-60.0,3
963,34.0614,-118.0,3
964,47.6897,11.7706,3
965,11.9214,109.1591,3
966,34.0482,-118.0,3
967,54.6197,39.74,3
968,39.9906,116.2887,3
969,39.5539,-104.0,3
970,23.8179,90.1148,3
971,11.3428,77.7274,3
972,48.8322,2.3561,3
973,47.6333,26.25,3
974,54.9198,82.9909,3
975,34.6841,33.0379,3
976,22.7604,-102.0,3
977,34.6798,126.8992,3
978,48.9905,1.7167,3
979,48.9833,2.6167,3
980,48.9667,2.25,3
981,34.5794,-118.0,3
982,18.8842,-96.0,3
983,18.8772,-99.0,3
984,48.8925,2.3444,3
985,53.1333,23.1643,3
986,53.1585,48.4681,3
987,54.7818,32.0401,3
988,41.0685,29.0059,3
989,48.8412,2.3003,3
990,33.4923,73.048,3
991,53.2144,63.6246,3
992,40.9276,-73.0,3
993,34.0211,-118.0,3
994,18.5141,-88.0,3
995,40.0395,-84.0,3
996,40.767,-72.0,3
997,33.8933,35.5016,3
998,33.5871,-84.0,3
999,40.4554,-80.0,3
1000,33.8703,-117.0,3
1001,48.3064,14.2861,3
1002,40.7484,-73.0,3
1003,23.7591,90.4003,3
1004,23.9591,120.6852,3
1005,33.6,130.4167,3
1006,40.5187,-78.0,3
1007,40.5555,-3.0,3
1008,17.6158,121.7228,3
1009,33.769,-89.0,3
1010,40.6436,22.9309,3
1011,40.649,-8.0,3
1012,4.142,-73.0,3
1013,17.4905,101.7275,3
1014,12.6031,77.8519,3
1015,53.8201,-1.0,3
1016,40.6754,14.7933,3
1017,40.4469,-3.0,3
1018,48.4051,12.7575,3
1019,33.9099,72.4918,3
1020,40.3113,-76.0,3
1021,40.0612,-75.0,3
1022,23.8177,90.1159,3
1023,12.0042,107.6907,3
1024,17.1612,104.1472,3
1025,54.5293,36.2754,3
1026,40.2171,-74.0,3
1027,18.4512,105.7797,3
1028,12.89,80.2313,3
1029,47.908,9.8969,3
1030,53.5618,-2.0,3
1031,4.05,38.3,3
1032,33.9492,118.2958,3
1033,18.2431,109.505,3
1034,4.3008,-74.0,3
1035,47.9667,7.95,3
1036,33.9315,-117.0,3
1037,48.0,9.8167,3
1038,33.9228,-117.0,3
1039,18.0858,-15.0,3
1040,48.023,37.8022,3
1041,49.1334,-102.0,3
1042,40.0369,-75.0,3
1043,49.1859,0.0,3
1044,35.9786,126.7114,3
1045,50.8837,4.473,3
1046,35.9081,139.6566,3
1047,37.1918,126.892,3
1048,35.8972,14.4611,3
1049,9.453,77.5533,3
1050,9.5096,78.0959,3
1051,37.2329,-121.0,3
1052,37.2643,127.0486,3
1053,37.2761,49.5886,3
1054,37.2873,127.0499,3
1055,6.1759,-75.0,3
1056,37.2942,127.1129,3
1057,20.6274,-87.0,3
1058,37.296,-121.0,3
1059,51.8425,5.8528,3
1060,37.3108,126.606,3
1061,37.3214,127.11,3
1062,20.5004,-86.0,3
1063,20.45,106.34,3
1064,9.9283,-84.0,3
1065,35.8235,-78.0,3
1066,37.3828,-5.0,3
1067,37.3852,127.1327,3
1068,37.386,-122.0,3
1069,50.4167,16.1629,3
1070,50.3836,8.0503,3
1071,50.3058,18.9742,3
1072,37.1571,126.8843,3
1073,9.0579,7.4951,3
1074,10.9266,107.2478,3
1075,21.3227,105.402,3
1076,7.2694,100.1704,3
1077,6.8662,101.3689,3
1078,51.4408,5.4778,3
1079,51.4088,0.0,3
1080,36.3848,127.3767,3
1081,7.4824,4.5603,3
1082,51.3167,9.5,3
1083,21.1112,79.0224,3
1084,51.5175,0.0,3
1085,7.7669,-72.0,3
1086,7.8906,98.3981,3
1087,8.0726,98.9105,3
1088,36.6437,-93.0,3
1089,21.2684,110.4355,3
1090,51.2049,58.5669,3
1091,8.5225,76.9606,3
1092,8.567,123.3347,3
1093,8.7274,77.6838,3
1094,36.7719,126.4497,3
1095,51.1095,16.8982,3
1096,36.7836,127.0042,3
1097,21.2814,110.3427,3
1098,51.1065,13.6605,3
1099,36.1008,-115.0,3
1100,51.051,13.7783,3
1101,51.05,3.7167,3
1102,36.8468,-76.0,3
1103,37.4862,127.5849,3
1104,21.9747,96.0836,3
1105,52.0258,4.175,3
1106,50.2797,57.2072,3
1107,37.7367,29.0915,3
1108,4.8588,-74.0,3
1109,49.3931,32.0333,3
1110,37.7542,-25.0,3
1111,22.4856,103.9707,3
1112,49.3614,8.8036,3
1113,49.3164,-123.0,3
1114,49.3088,14.1475,3
1115,37.8431,-122.0,3
1116,37.8554,127.7452,3
1117,52.5213,13.4096,3
1118,4.8094,-74.0,3
1119,37.8625,127.6996,3
1120,52.5389,-1.0,3
1121,19.2712,-103.0,3
1122,49.2653,4.0285,3
1123,49.2469,7.3698,3
1124,49.2461,7.0022,3
1125,37.9577,-121.0,3
1126,37.987,-1.0,3
1127,47.5412,-122.0,3
1128,10.9068,106.7694,3
1129,38.1041,-122.0,3
1130,34.8001,127.5975,3
1131,49.2093,17.5394,3
1132,19.222,-99.0,3
1133,22.6657,106.2579,3
1134,52.3784,4.8836,3
1135,19.409,-99.0,3
1136,49.591,11.0078,3
1137,35.5013,139.7011,3
1138,35.6773,139.6859,3
1139,37.5424,126.9428,3
1140,37.5426,127.058,3
1141,35.6706,139.8886,3
1142,22.1823,111.1179,3
1143,50.1706,12.1305,3
1144,50.1453,19.186,3
1145,35.6135,139.727,3
1146,35.6009,-82.0,3
1147,52.0936,7.594,3
1148,50.1137,8.7119,3
1149,10.3294,-75.0,3
1150,37.5656,127.0269,3
1151,35.1815,136.9064,3
1152,5.365,100.5618,3
1153,52.2161,20.9637,3
1154,35.4676,-97.0,3
1155,35.4338,139.6496,3
1156,35.4229,136.7604,3
1157,10.369,77.9804,3
1158,10.3864,105.4352,3
1159,49.9714,82.6059,3
1160,10.4447,-75.0,3
1161,10.4602,105.6329,3
1162,37.6066,126.7116,3
1163,52.2891,11.4098,3
1164,52.6278,1.2983,3
1165,51.46,-2.0,3
1166,28.5383,-81.0,3
1167,41.6834,-86.0,3
1168,45.3071,-73.0,3
1169,28.6353,-106.0,3
1170,31.769,35.2163,3
1171,43.429,39.9239,3
1172,60.4,5.1833,3
1173,31.6804,6.0729,3
1174,14.722,103.6693,3
1175,42.9634,-85.0,3
1176,30.4743,74.5166,3
1177,30.4771,-84.0,3
1178,45.4112,-75.0,3
1179,13.7833,100.5167,3
1180,16.0567,103.6531,3
1181,57.1437,-2.0,3
1182,42.3647,-71.0,3
1183,13.805,100.4728,3
1184,46.7341,36.346,3
1185,31.9023,-7.0,3
1186,61.0042,69.0019,3
1187,13.8858,109.1082,3
1188,47.1667,27.6,3
1189,13.8607,100.5148,3
1190,14.4499,79.987,3
1191,43.3247,21.9033,3
1192,1.3681,103.8831,3
1193,16.4308,80.5682,3
1194,43.4167,24.6167,3
1195,43.0356,-89.0,3
1196,43.3713,-8.0,3
1197,60.7619,46.3135,3
1198,43.007,40.9893,3
1199,16.2997,80.4573,3
1200,14.4297,120.9367,3
1201,46.516,6.6328,3
1202,46.4167,20.3333,3
1203,26.3485,115.0068,3
1204,26.2684,73.0059,3
1205,43.6684,-79.0,3
1206,29.3875,76.9682,3
1207,46.2346,-63.0,3
1208,42.5904,-72.0,3
1209,42.713,-73.0,3
1210,31.1044,77.1666,3
1211,15.8885,108.2545,3
1212,29.3978,71.6752,3
1213,46.1667,24.35,3
1214,45.4825,-73.0,3
1215,29.2572,48.0572,3
1216,25.7214,-100.0,3
1217,14.3628,100.672,3
1218,59.8588,17.6389,3
1219,13.78,100.5427,3
1220,13.6882,101.0716,3
1221,26.3372,31.8929,3
1222,56.3333,36.7333,3
1223,26.13,50.555,3
1224,15.3087,101.5504,3
1225,25.7867,-80.0,3
1226,14.9315,-23.0,3
1227,1.7381,103.8999,3
1228,30.68,76.7221,3
1229,56.3581,44.0748,3
1230,43.5942,13.5034,3
1231,43.7678,-79.0,3
1232,42.4853,-83.0,3
1233,25.7505,-100.0,3
1234,13.6674,100.6421,3
1235,31.2518,74.4221,3
1236,15.8,121.0,3
1237,55.75,49.1333,3
1238,43.6329,6.9991,3
1239,47.2256,8.8223,3
1240,45.708,-71.0,3
1241,47.2833,15.9667,3
1242,63.3167,10.45,3
1243,55.4904,9.4722,3
1244,27.9994,120.6668,3
1245,29.8782,121.5494,3
1246,29.8833,-97.0,3
1247,47.3776,-122.0,3
1248,13.913,100.4988,3
1249,14.5243,121.0792,3
1250,26.9295,75.7962,3
1251,30.2019,53.18,3
1252,25.8466,114.9326,3
1253,64.1476,-21.0,3
1254,14.5903,-88.0,3
1255,32.8184,34.9885,3
1256,58.0372,14.9782,3
1257,13.9833,108.0,3
1258,0.5773,-50.0,3
1259,24.8475,-98.0,3
1260,43.2706,26.9229,3
1261,58.9387,69.1339,3
1262,13.9997,99.9898,3
1263,14.5503,121.0327,3
1264,41.2863,27.9994,3
1265,44.5384,18.6671,3
1266,43.2564,5.5644,3
1267,14.5818,121.076,3
1268,24.7961,66.9746,3
1269,44.8056,20.4242,3
1270,58.5966,49.6601,3
1271,43.3112,0.0,3
1272,41.3845,-83.0,3
1273,61.7849,34.3469,3
1274,16.5765,103.7871,3
1275,61.4991,23.7871,3
1276,41.4584,15.5519,3
1277,14.4506,120.9828,3
1278,41.5627,44.9787,3
1279,13.0484,80.2473,3
1280,45.7618,4.8369,3
1281,41.5503,-8.0,3
1282,45.1041,39.0281,3
1283,43.099,12.3674,3
1284,45.1,-87.0,3
1285,47.2667,20.5333,3
1286,24.8662,67.0413,3
1287,43.0643,12.5461,3
1288,19.4108,-99.0,2
1289,14.2278,100.5759,2
1290,19.6439,-99.0,2
1291,43.3445,5.38,2
1292,49.6556,21.1604,2
1293,43.6135,-116.0,2
1294,43.3204,6.2893,2
1295,37.5432,127.0919,2
1296,50.1842,8.5232,2
1297,19.5638,-70.0,2
1298,49.7045,9.2673,2
1299,37.6481,127.0288,2
1300,50.2014,14.8328,2
1301,37.6499,127.1934,2
1302,19.6292,-99.0,2
1303,37.5398,126.9418,2
1304,49.6218,20.6971,2
1305,37.5395,127.0686,2
1306,37.5471,127.0941,2
1307,10.6492,-61.0,2
1308,37.5367,127.0913,2
1309,43.2662,-1.0,2
1310,50.0483,8.6941,2
1311,49.5955,17.2518,2
1312,45.6128,5.1506,2
1313,37.5315,127.1252,2
1314,10.6599,107.7721,2
1315,14.1212,101.0036,2
1316,43.4926,-70.0,2
1317,37.6229,126.8178,2
1318,37.499,126.75,2
1319,37.5655,126.9211,2
1320,37.5919,127.1025,2
1321,14.0818,-87.0,2
1322,19.4756,-99.0,2
1323,37.5621,126.9943,2
1324,49.9921,14.2062,2
1325,37.5958,-122.0,2
1326,43.4415,-5.0,2
1327,37.5596,126.9653,2
1328,45.5475,11.2828,2
1329,37.558,126.9444,2
1330,19.422,-99.0,2
1331,43.312,45.6889,2
1332,43.2984,-1.0,2
1333,43.3569,-3.0,2
1334,50.0281,15.1998,2
1335,37.554,126.9819,2
1336,10.1869,-74.0,2
1337,43.3601,-80.0,2
1338,14.2157,120.9714,2
1339,50.0393,-110.0,2
1340,50.0772,14.4342,2
1341,37.6062,126.9211,2
1342,37.5691,127.0716,2
1343,43.4667,23.9333,2
1344,37.5512,127.0716,2
1345,37.5492,127.0694,2
1346,43.5924,-79.0,2
1347,41.202,-77.0,2
1348,37.376,97.3746,2
1349,37.494,139.9488,2
1350,8.4871,-13.0,2
1351,51.2002,6.7564,2
1352,8.5897,-71.0,2
1353,51.1422,6.2844,2
1354,45.1058,38.9333,2
1355,44.291,-121.0,2
1356,45.1603,10.7978,2
1357,36.7881,126.4465,2
1358,8.748,-75.0,2
1359,44.1118,9.9622,2
1360,44.1053,39.0802,2
1361,50.9947,16.9701,2
1362,36.8671,42.9885,2
1363,44.0575,12.5653,2
1364,44.0433,-79.0,2
1365,36.9601,127.0464,2
1366,50.943,11.6034,2
1367,50.9427,6.8763,2
1368,9.1401,99.3331,2
1369,50.9327,7.2839,2
1370,44.0167,20.9167,2
1371,37.0742,36.2478,2
1372,37.0754,15.2866,2
1373,37.1091,127.1812,2
1374,45.0791,-93.0,2
1375,21.108,79.0611,2
1376,37.4931,126.9293,2
1377,51.2221,7.0639,2
1378,21.1463,79.0849,2
1379,21.1439,106.0202,2
1380,36.35,140.45,2
1381,21.1414,-100.0,2
1382,44.7631,-85.0,2
1383,44.838,11.6206,2
1384,21.1405,105.5069,2
1385,14.5728,121.0147,2
1386,7.4465,151.8414,2
1387,14.5667,120.9833,2
1388,51.3844,4.4756,2
1389,36.3917,127.3606,2
1390,44.9609,-93.0,2
1391,36.4,139.0833,2
1392,36.4556,127.1247,2
1393,36.5322,127.2822,2
1394,44.989,38.9432,2
1395,51.2504,6.9754,2
1396,36.6082,128.362,2
1397,36.6202,127.4363,2
1398,45.0428,41.9734,2
1399,36.6255,101.7574,2
1400,45.0524,9.6934,2
1401,50.8943,5.112,2
1402,45.2715,27.9743,2
1403,9.334,-79.0,2
1404,14.6193,121.0537,2
1405,37.3761,127.8823,2
1406,37.3824,-5.0,2
1407,50.5059,16.7399,2
1408,43.7059,-79.0,2
1409,15.0055,120.5964,2
1410,43.68,-79.0,2
1411,19.9973,73.791,2
1412,37.3944,127.0022,2
1413,37.3982,127.0982,2
1414,37.4008,126.918,2
1415,37.4009,126.8981,2
1416,19.944,76.9379,2
1417,37.414,127.0983,2
1418,37.4142,127.1362,2
1419,37.4347,127.137,2
1420,45.4621,9.3032,2
1421,10.0371,105.7883,2
1422,37.4628,127.033,2
1423,50.313,11.9126,2
1424,37.4765,121.4408,2
1425,43.6606,-72.0,2
1426,50.293,2.7819,2
1427,19.7008,-101.0,2
1428,49.4891,8.4669,2
1429,37.3692,-121.0,2
1430,14.9943,103.1039,2
1431,9.538,-13.0,2
1432,20.6734,-103.0,2
1433,37.1939,127.5015,2
1434,43.9002,-79.0,2
1435,43.9001,-78.0,2
1436,14.6879,120.9951,2
1437,9.535,-13.0,2
1438,14.7981,100.654,2
1439,45.3733,-84.0,2
1440,45.4001,-71.0,2
1441,37.2974,-121.0,2
1442,50.745,3.2064,2
1443,37.3688,-122.0,2
1444,50.7416,8.2078,2
1445,20.5453,105.9122,2
1446,50.7231,7.1068,2
1447,14.9088,102.9959,2
1448,37.3266,127.9666,2
1449,14.4264,102.4606,2
1450,43.7729,11.2785,2
1451,20.2457,-99.0,2
1452,50.6337,5.5675,2
1453,9.7457,-63.0,2
1454,37.6624,-121.0,2
1455,45.7664,5.0028,2
1456,37.671,126.7903,2
1457,40.4644,17.2471,2
1458,42.2328,-8.0,2
1459,42.1115,14.7065,2
1460,13.0986,77.6612,2
1461,40.4262,-105.0,2
1462,40.4329,-3.0,2
1463,42.0095,-87.0,2
1464,42.0086,-87.0,2
1465,41.9831,2.8249,2
1466,46.9062,19.6913,2
1467,46.9763,31.993,2
1468,48.3452,33.4974,2
1469,47.011,16.606,2
1470,40.6521,-74.0,2
1471,48.3398,-70.0,2
1472,41.8093,-87.0,2
1473,18.0333,103.1667,2
1474,41.7859,-88.0,2
1475,40.5475,-3.0,2
1476,13.0572,80.2778,2
1477,40.5793,-74.0,2
1478,40.5853,-105.0,2
1479,41.7662,-88.0,2
1480,40.6008,-74.0,2
1481,48.1925,11.6429,2
1482,42.2535,-83.0,2
1483,40.3978,-105.0,2
1484,42.2978,14.3266,2
1485,16.0727,108.1582,2
1486,46.3214,39.3877,2
1487,18.5586,73.7794,2
1488,48.6478,0.0,2
1489,13.5993,100.5968,2
1490,18.5372,73.8551,2
1491,48.6242,22.2947,2
1492,39.934,-74.0,2
1493,48.6157,9.5375,2
1494,18.5148,73.8358,2
1495,39.9524,-75.0,2
1496,42.4667,-2.0,2
1497,13.4458,101.1844,2
1498,40.0338,-75.0,2
1499,51.4667,6.4667,2
1500,13.311,101.1121,2
1501,48.5227,9.0522,2
1502,40.0992,-83.0,2
1503,48.5083,32.2662,2
1504,48.507,2.7916,2
1505,42.3542,-87.0,2
1506,42.3028,-85.0,2
1507,18.4652,74.5837,2
1508,48.4442,8.6913,2
1509,40.6221,-74.0,2
1510,41.5905,2.2412,2
1511,49.4759,10.9886,2
1512,41.2629,13.7458,2
1513,16.7437,-93.0,2
1514,12.8924,80.0808,2
1515,40.9587,-75.0,2
1516,40.9848,-78.0,2
1517,47.6973,8.6349,2
1518,17.0052,81.7778,2
1519,47.421,40.0919,2
1520,47.4235,-120.0,2
1521,41.3275,19.8189,2
1522,41.0302,-74.0,2
1523,41.2798,36.3361,2
1524,47.6667,21.5167,2
1525,40.6916,-112.0,2
1526,41.0939,-85.0,2
1527,47.5317,21.6244,2
1528,47.6603,9.1758,2
1529,41.1176,-73.0,2
1530,41.124,-8.0,2
1531,41.1306,-85.0,2
1532,47.5333,14.8833,2
1533,41.1432,28.4615,2
1534,47.6104,-122.0,2
1535,41.1449,-81.0,2
1536,12.9172,74.856,2
1537,47.7631,27.9293,2
1538,40.9254,-74.0,2
1539,47.4016,8.4002,2
1540,12.9604,77.5673,2
1541,40.7139,-74.0,2
1542,48.112,-1.0,2
1543,47.2364,39.7139,2
1544,41.5398,-74.0,2
1545,12.7879,77.8019,2
1546,17.4155,78.3707,2
1547,47.2627,11.3945,2
1548,40.7312,-74.0,2
1549,41.4995,-81.0,2
1550,40.7375,-73.0,2
1551,48.0667,8.45,2
1552,17.3901,78.3279,2
1553,47.3295,18.9388,2
1554,48.0623,8.4936,2
1555,41.4301,2.1925,2
1556,48.0109,23.5717,2
1557,13.025,80.2575,2
1558,12.8274,101.2027,2
1559,40.8218,-74.0,2
1560,17.3477,78.5576,2
1561,13.0099,77.5723,2
1562,47.901,-97.0,2
1563,47.8824,10.6219,2
1564,39.7684,-86.0,2
1565,46.3101,23.7213,2
1566,39.7477,-8.0,2
1567,49.2234,3.9889,2
1568,15.5042,-88.0,2
1569,37.9358,-122.0,2
1570,37.9364,127.2796,2
1571,37.9757,23.7691,2
1572,37.9787,0.0,2
1573,49.2326,7.0098,2
1574,38.0102,-84.0,2
1575,38.0492,-87.0,2
1576,38.05,23.8,2
1577,49.2264,17.6706,2
1578,38.0617,-87.0,2
1579,38.08,46.2919,2
1580,16.0177,108.2038,2
1581,15.5736,108.474,2
1582,13.8,100.5333,2
1583,38.1426,14.7329,2
1584,38.2309,15.5677,2
1585,42.9,71.3667,2
1586,38.3045,-85.0,2
1587,42.8856,-80.0,2
1588,19.2167,73.15,2
1589,46.0101,8.96,2
1590,38.4127,27.1384,2
1591,38.4167,27.15,2
1592,37.8916,-4.0,2
1593,45.7797,3.0868,2
1594,37.8562,127.6567,2
1595,41.2056,-76.0,2
1596,15.3895,73.8253,2
1597,19.386,-99.0,2
1598,10.6667,-61.0,2
1599,49.4541,11.0768,2
1600,37.6888,127.0306,2
1601,37.6922,-97.0,2
1602,19.3553,-99.0,2
1603,49.443,7.7716,2
1604,49.4216,26.9965,2
1605,14.0219,100.1718,2
1606,37.7425,127.0493,2
1607,49.4146,26.9111,2
1608,45.6958,0.0,2
1609,37.7573,126.7811,2
1610,10.7732,76.6537,2
1611,37.7725,-122.0,2
1612,37.7805,126.85,2
1613,49.3137,6.7515,2
1614,37.8024,126.716,2
1615,49.2833,-123.0,2
1616,49.2803,11.4628,2
1617,43.1056,131.8735,2
1618,43.0917,5.8247,2
1619,42.85,-2.0,2
1620,38.4792,-1.0,2
1621,49.0614,20.298,2
1622,18.7369,7.3853,2
1623,46.1944,6.2378,2
1624,48.8626,2.3443,2
1625,39.2014,-85.0,2
1626,39.2047,20.8822,2
1627,48.8412,2.3876,2
1628,39.2989,16.2531,2
1629,39.3111,-94.0,2
1630,13.7315,100.5141,2
1631,39.4667,-8.0,2
1632,48.8024,2.2935,2
1633,48.7927,2.4657,2
1634,39.5026,0.0,2
1635,48.7697,8.9387,2
1636,46.2953,0.0,2
1637,39.5694,2.6502,2
1638,39.6293,-75.0,2
1639,39.6464,-84.0,2
1640,42.5466,-6.0,2
1641,39.6823,140.1425,2
1642,42.5195,-70.0,2
1643,39.7042,-86.0,2
1644,39.7265,-86.0,2
1645,39.734,-105.0,2
1646,18.7185,73.7664,2
1647,39.0911,-94.0,2
1648,15.7698,76.7558,2
1649,46.1833,21.3167,2
1650,49.0555,9.246,2
1651,38.5352,-90.0,2
1652,49.0151,12.1016,2
1653,38.6785,-121.0,2
1654,11.0178,77.0628,2
1655,18.9894,72.961,2
1656,18.986,72.8259,2
1657,18.9765,105.6003,2
1658,38.7538,-9.0,2
1659,46.0667,23.5833,2
1660,42.7258,-92.0,2
1661,48.9356,2.3539,2
1662,38.8882,-119.0,2
1663,48.8973,9.1916,2
1664,48.8945,18.0444,2
1665,38.9398,-77.0,2
1666,38.9667,0.0,2
1667,48.8901,9.1746,2
1668,38.9695,-77.0,2
1669,38.9942,-1.0,2
1670,38.9982,-77.0,2
1671,11.1113,7.7227,2
1672,11.1154,77.3546,2
1673,37.7023,126.7495,2
1674,44.7993,10.3262,2
1675,35.8052,139.7107,2
1676,4.618,101.115,2
1677,35.6806,129.3389,2
1678,56.7148,10.1168,2
1679,34.5291,-90.0,2
1680,30.9969,110.6898,2
1681,30.95,117.7833,2
1682,5.5417,95.3333,2
1683,21.8823,-102.0,2
1684,30.7849,-83.0,2
1685,54.7547,61.3208,2
1686,52.0075,0.0,2
1687,3.3057,101.5167,2
1688,35.7156,128.4192,2
1689,22.9024,106.0774,2
1690,30.6983,-95.0,2
1691,51.98,5.9111,2
1692,35.7396,139.7515,2
1693,53.0466,-2.0,2
1694,35.6772,139.7708,2
1695,22.0042,120.7439,2
1696,22.0365,79.0092,2
1697,52.1713,0.5485,2
1698,31.3172,-113.0,2
1699,22.2334,114.2512,2
1700,56.3724,75.2417,2
1701,56.4185,61.9329,2
1702,53.0249,-2.0,2
1703,56.4756,43.5381,2
1704,1.7146,33.6111,2
1705,33.025,-96.0,2
1706,35.6131,127.2794,2
1707,35.6145,-88.0,2
1708,52.09,5.2333,2
1709,35.6309,139.7917,2
1710,54.9677,-1.0,2
1711,52.0766,18.2955,2
1712,35.74,139.7864,2
1713,34.4,132.45,2
1714,31.4538,-110.0,2
1715,25.8901,-80.0,2
1716,30.2672,-97.0,2
1717,53.2521,34.3717,2
1718,58.1981,68.2546,2
1719,34.2563,-78.0,2
1720,35.8273,127.1003,2
1721,58.3019,-134.0,2
1722,35.829,127.0999,2
1723,5.9587,116.0657,2
1724,33.3575,120.1573,2
1725,33.5033,126.5139,2
1726,35.8356,127.1322,2
1727,24.0942,90.4858,2
1728,35.8357,127.1607,2
1729,51.8272,107.6063,2
1730,30.0167,-95.0,2
1731,58.9608,5.7546,2
1732,21.6324,72.99,2
1733,25.8797,-97.0,2
1734,4.5794,-74.0,2
1735,35.8089,140.1185,2
1736,33.4113,-94.0,2
1737,3.4211,-76.0,2
1738,22.9088,88.3967,2
1739,22.9217,91.0683,2
1740,30.4433,-91.0,2
1741,34.3333,134.05,2
1742,30.4202,-9.0,2
1743,35.7908,-78.0,2
1744,1.3532,103.9729,2
1745,30.3505,-89.0,2
1746,3.9009,-76.0,2
1747,53.2007,45.0046,2
1748,57.8858,34.0488,2
1749,34.2846,-119.0,2
1750,35.8049,127.1581,2
1751,5.3991,100.3638,2
1752,56.2694,90.4993,2
1753,29.8635,-95.0,2
1754,34.91,-86.0,2
1755,55.6274,37.858,2
1756,25.1449,82.5653,2
1757,52.4345,30.9754,2
1758,35.1451,129.0019,2
1759,52.6226,10.0805,2
1760,55.5953,38.1203,2
1761,25.2919,60.643,2
1762,32.7571,12.7276,2
1763,34.8321,133.2799,2
1764,22.4652,120.4493,2
1765,52.4066,-1.0,2
1766,52.3906,16.8995,2
1767,34.8986,-117.0,2
1768,5.1267,100.4932,2
1769,55.8204,37.3302,2
1770,52.6323,-1.0,2
1771,2.9845,99.6158,2
1772,52.442,-1.0,2
1773,35.1142,129.0183,2
1774,55.7679,49.1631,2
1775,32.6278,-115.0,2
1776,22.5333,88.3917,2
1777,52.5125,6.0944,2
1778,52.5553,0.0,2
1779,34.9541,127.5242,2
1780,3.0334,101.5848,2
1781,35.0527,-78.0,2
1782,35.0845,-106.0,2
1783,32.6865,35.4212,2
1784,32.4907,119.9081,2
1785,55.6569,12.3638,2
1786,34.947,127.5352,2
1787,34.9428,127.5014,2
1788,52.4814,-1.0,2
1789,4.7281,101.12,2
1790,5.1659,100.4779,2
1791,52.6623,1.2795,2
1792,32.9652,-117.0,2
1793,34.6886,135.1953,2
1794,34.6993,-86.0,2
1795,32.8999,-96.0,2
1796,31.8092,-106.0,2
1797,56.1616,15.5866,2
1798,52.2576,87.1224,2
1799,25.4589,78.5799,2
1800,22.7599,121.1446,2
1801,24.8081,93.9442,2
1802,35.1608,126.8378,2
1803,25.5439,-103.0,2
1804,32.9343,-97.0,2
1805,52.9115,0.0,2
1806,52.9234,9.2349,2
1807,35.4381,136.778,2
1808,5.3302,103.1408,2
1809,25.5538,-103.0,2
1810,52.7667,-1.0,2
1811,34.7019,137.7346,2
1812,52.2726,8.0498,2
1813,3.134,101.6873,2
1814,5.3093,-73.0,2
1815,35.1732,136.8913,2
1816,25.3471,74.6408,2
1817,55.25,23.8333,2
1818,25.4018,55.4788,2
1819,32.814,-96.0,2
1820,3.1249,101.6528,2
1821,34.7304,-86.0,2
1822,52.3083,4.9425,2
1823,5.3163,100.281,2
1824,52.2946,8.8976,2
1825,52.7317,41.4433,2
1826,34.7083,-120.0,2
1827,52.7602,32.2394,2
1828,52.2851,7.4405,2
1829,53.383,-1.0,2
1830,55.699,36.1952,2
1831,28.963,-13.0,2
1832,64.1835,-51.0,2
1833,1.2136,-77.0,2
1834,33.6891,-78.0,2
1835,36.2168,-81.0,2
1836,29.0769,48.0839,2
1837,23.7121,90.4598,2
1838,1.0821,34.175,2
1839,61.4638,24.076,2
1840,59.9258,32.3382,2
1841,36.0284,-95.0,2
1842,28.2669,83.9685,2
1843,28.2489,-81.0,2
1844,36.0034,128.4131,2
1845,26.8144,87.2797,2
1846,1.3206,103.6947,2
1847,61.8288,16.0913,2
1848,62.0167,25.55,2
1849,62.3913,17.3063,2
1850,6.452,-1.0,2
1851,53.7603,0.0,2
1852,34.0585,-118.0,2
1853,26.1793,-80.0,2
1854,53.4593,-113.0,2
1855,27.9482,80.7793,2
1856,36.2747,126.9091,2
1857,53.4568,-2.0,2
1858,51.6095,16.8585,2
1859,28.4601,77.0263,2
1860,53.55,-1.0,2
1861,23.36,103.4368,2
1862,23.4594,120.3322,2
1863,36.154,-95.0,2
1864,36.1725,-115.0,2
1865,26.4521,74.6387,2
1866,53.8103,-1.0,2
1867,6.6008,0.4713,2
1868,26.491,115.7718,2
1869,51.5474,0.6974,2
1870,53.8107,-1.0,2
1871,34.0029,-84.0,2
1872,60.5337,8.2054,2
1873,28.6114,77.2982,2
1874,36.0818,140.2078,2
1875,28.6063,77.3045,2
1876,60.6167,16.7667,2
1877,53.8282,22.3647,2
1878,51.558,-1.0,2
1879,28.5531,77.1916,2
1880,51.5667,46.0333,2
1881,53.5361,8.593,2
1882,34.029,-118.0,2
1883,33.767,-118.0,2
1884,34.0316,-117.0,2
1885,28.5346,77.0536,2
1886,27.8815,78.0746,2
1887,33.94,-118.0,2
1888,53.7939,-1.0,2
1889,29.7422,-95.0,2
1890,26.966,75.7632,2
1891,35.8564,128.522,2
1892,27.0174,49.6225,2
1893,34.09,-117.0,2
1894,6.1201,100.3918,2
1895,51.7191,8.7544,2
1896,53.4289,14.553,2
1897,7.0622,-73.0,2
1898,34.0782,-84.0,2
1899,27.6121,75.14,2
1900,27.0449,75.9218,2
1901,36.3101,127.367,2
1902,36.3112,127.4116,2
1903,34.1356,-116.0,2
1904,51.488,0.0,2
1905,29.5863,-98.0,2
1906,53.4186,59.0472,2
1907,27.4864,-109.0,2
1908,29.5835,105.0622,2
1909,64.7507,20.9528,2
1910,51.7151,5.321,2
1911,51.7883,6.1387,2
1912,54.1502,-113.0,2
1913,29.8367,76.9319,2
1914,33.9022,-118.0,2
1915,27.1833,78.0167,2
1916,33.5217,-117.0,2
1917,59.3667,28.6,2
1918,53.4098,-2.0,2
1919,51.5012,0.0,2
1920,34.107,-117.0,2
1921,23.1652,81.4326,2
1922,33.8353,-117.0,2
1923,6.8436,101.178,2
1924,29.8324,-95.0,2
1925,35.876,14.472,2
1926,26.9632,75.7256,2
1927,29.6103,52.5311,2
1928,13.047,100.9289,1
1929,55.1544,61.4297,1
1930,47.2319,5.0621,1
1931,48.1776,11.5169,1
1932,47.4401,0.0,1
1933,47.4441,-122.0,1
1934,55.6619,52.4096,1
1935,53.7669,-112.0,1
1936,3.0383,101.7094,1
1937,47.4704,-122.0,1
1938,55.6769,37.2731,1
1939,55.1486,61.3092,1
1940,48.3,11.6167,1
1941,12.5388,103.9192,1
1942,53.7657,-1.0,1
1943,55.1667,-118.0,1
1944,48.2,16.35,1
1945,55.6059,13.0007,1
1946,55.5096,47.4913,1
1947,53.7557,87.1099,1
1948,53.7254,-7.0,1
1949,48.2,15.6333,1
1950,48.1678,8.6272,1
1951,48.2,11.3667,1
1952,3.0427,101.7714,1
1953,47.35,7.9033,1
1954,55.4139,65.2817,1
1955,13.0108,77.7494,1
1956,47.3737,-68.0,1
1957,55.4028,11.3546,1
1958,12.5391,-70.0,1
1959,55.3173,38.6526,1
1960,53.7628,-2.0,1
1961,47.2636,17.8737,1
1962,53.7241,25.4971,1
1963,48.2106,19.3504,1
1964,53.7079,16.6994,1
1965,48.2164,9.026,1
1966,53.7439,-1.0,1
1967,48.219,16.495,1
1968,47.4143,9.7419,1
1969,55.1772,-1.0,1
1970,48.2357,9.644,1
1971,12.9333,100.8833,1
1972,47.9333,20.2,1
1973,47.4733,8.3059,1
1974,54.3282,48.3866,1
1975,47.7333,16.4,1
1976,54.2833,48.4814,1
1977,48.0525,12.2234,1
1978,47.7195,17.4847,1
1979,54.6598,-5.0,1
1980,47.7192,9.3903,1
1981,47.7148,8.625,1
1982,54.2044,37.6111,1
1983,54.0614,9.9982,1
1984,54.6863,25.2028,1
1985,48.064,10.6416,1
1986,3.8077,103.326,1
1987,54.0384,39.7479,1
1988,47.6833,17.6351,1
1989,47.674,-122.0,1
1990,48.0725,0.0,1
1991,3.35,101.25,1
1992,54.0061,0.0,1
1993,48.0725,11.2018,1
1994,54.6184,-1.0,1
1995,47.2309,16.6215,1
1996,47.4867,18.3122,1
1997,48.005,19.0905,1
1998,54.505,37.0674,1
1999,47.9167,7.2,1
2000,54.5189,18.5319,1
2001,12.8503,80.0707,1
2002,54.5216,9.5586,1
2003,47.8732,1.966,1
2004,47.8721,-3.0,1
2005,47.8167,25.8167,1
2006,47.9554,21.7167,1
2007,54.3553,38.2684,1
2008,47.782,9.6106,1
2009,54.5666,-5.0,1
2010,47.7814,9.6118,1
2011,54.5762,-1.0,1
2012,54.5924,-5.0,1
2013,47.9959,7.8522,1
2014,54.5968,-5.0,1
2015,4.0483,9.7043,1
2016,47.7423,-121.0,1
2017,47.6713,19.542,1
2018,12.8,99.9667,1
2019,53.969,27.6796,1
2020,53.9576,-1.0,1
2021,54.974,-1.0,1
2022,12.6664,100.9007,1
2023,48.1413,23.0362,1
2024,3.1618,101.598,1
2025,53.8313,27.5343,1
2026,48.1414,11.204,1
2027,54.4036,-1.0,1
2028,3.15,-75.0,1
2029,47.5601,7.7871,1
2030,48.1433,16.2934,1
2031,54.9986,-1.0,1
2032,47.5404,-122.0,1
2033,55.0218,82.202,1
2034,3.1456,101.645,1
2035,53.8183,83.5677,1
2036,3.1402,101.6072,1
2037,48.162,12.1794,1
2038,55.1477,37.4773,1
2039,12.9184,79.1325,1
2040,48.1212,-1.0,1
2041,48.1188,11.4294,1
2042,54.9733,-1.0,1
2043,48.0808,7.3558,1
2044,47.6667,9.3667,1
2045,48.0741,18.9495,1
2046,53.9284,-1.0,1
2047,54.7817,32.04,1
2048,53.8756,-1.0,1
2049,47.6628,6.8776,1
2050,54.8951,-2.0,1
2051,3.2311,-76.0,1
2052,12.8991,80.169,1
2053,53.8644,-1.0,1
2054,48.1031,20.7781,1
2055,47.6496,-117.0,1
2056,48.1031,29.126,1
2057,53.8705,10.6986,1
2058,53.8689,10.6873,1
2059,3.2029,101.6647,1
2060,47.6488,-122.0,1
2061,47.6422,6.8539,1
2062,51.4752,0.0,1
2063,46.7229,25.6005,1
2064,55.678,37.2777,1
2065,59.7767,-151.0,1
2066,59.3268,18.3897,1
2067,1.3253,103.8982,1
2068,45.5492,9.1596,1
2069,59.3592,27.4211,1
2070,45.5376,9.927,1
2071,45.5333,9.2258,1
2072,45.5313,-73.0,1
2073,59.36,18.0009,1
2074,14.191,121.7309,1
2075,45.5203,11.3345,1
2076,45.5168,-73.0,1
2077,14.2117,121.1653,1
2078,45.5084,-73.0,1
2079,45.5066,-73.0,1
2080,59.3936,35.9371,1
2081,59.4032,17.9448,1
2082,59.4172,10.4834,1
2083,59.428,17.9509,1
2084,45.5034,12.2266,1
2085,1.3212,103.865,1
2086,45.4987,-73.0,1
2087,45.4984,-122.0,1
2088,59.4794,18.2997,1
2089,59.7142,30.3964,1
2090,45.4861,-73.0,1
2091,45.5634,10.0021,1
2092,59.2983,9.1027,1
2093,1.3264,103.8964,1
2094,45.6495,13.7768,1
2095,45.766,4.8795,1
2096,1.3477,103.7289,1
2097,1.342,103.7821,1
2098,45.758,4.8406,1
2099,58.1467,8.0048,1
2100,13.9314,121.6172,1
2101,13.9411,121.1631,1
2102,13.9511,101.7177,1
2103,45.7,-73.0,1
2104,58.2,68.2667,1
2105,45.6667,12.2416,1
2106,58.4109,15.6216,1
2107,45.5637,5.3761,1
2108,45.6366,-89.0,1
2109,45.6213,-73.0,1
2110,45.6168,-73.0,1
2111,45.6144,-95.0,1
2112,58.5052,13.1577,1
2113,58.5213,31.271,1
2114,1.3361,103.8566,1
2115,14.0499,101.3686,1
2116,59.2167,39.9,1
2117,45.5893,9.8365,1
2118,45.5699,-73.0,1
2119,59.7513,30.4766,1
2120,45.4776,-75.0,1
2121,45.773,8.396,1
2122,14.2624,101.0711,1
2123,1.2799,103.8488,1
2124,45.2668,-72.0,1
2125,45.2435,7.5521,1
2126,45.2186,12.2777,1
2127,1.2074,103.7929,1
2128,45.1787,28.805,1
2129,45.1392,7.7701,1
2130,63.1792,14.6357,1
2131,14.4669,75.9269,1
2132,63.5592,27.1907,1
2133,45.0771,-64.0,1
2134,0.7373,127.5588,1
2135,45.0492,8.8032,1
2136,14.5272,121.0422,1
2137,45.0282,7.5987,1
2138,45.0192,-93.0,1
2139,14.5333,100.9167,1
2140,64.5401,40.5433,1
2141,44.9529,-89.0,1
2142,64.7342,177.5103,1
2143,44.9384,-93.0,1
2144,44.9254,25.4567,1
2145,44.9254,2.4398,1
2146,44.9092,8.6101,1
2147,44.8978,8.8637,1
2148,45.3161,9.2036,1
2149,60.4515,22.2687,1
2150,45.3672,11.9234,1
2151,60.1386,24.2272,1
2152,14.3675,120.9527,1
2153,1.3185,103.6941,1
2154,1.317,103.9041,1
2155,1.3167,103.8587,1
2156,45.4546,-73.0,1
2157,1.3111,103.7664,1
2158,45.4501,-73.0,1
2159,45.4469,8.6212,1
2160,45.4448,-75.0,1
2161,45.4376,12.3315,1
2162,60.0636,30.4833,1
2163,60.1415,11.1752,1
2164,1.2835,103.8469,1
2165,60.1512,30.0015,1
2166,14.3751,99.8923,1
2167,14.3869,120.8817,1
2168,1.3054,124.9126,1
2169,45.4208,11.0956,1
2170,1.29,103.8203,1
2171,45.408,11.8859,1
2172,45.4011,-73.0,1
2173,60.2941,25.041,1
2174,45.3787,11.8468,1
2175,1.2895,103.7986,1
2176,1.3498,103.8545,1
2177,45.7813,-108.0,1
2178,3.0337,101.5873,1
2179,46.5921,-120.0,1
2180,55.8322,-4.0,1
2181,55.897,37.4297,1
2182,46.8772,-96.0,1
2183,2.8064,101.7239,1
2184,46.8672,8.2334,1
2185,2.196,102.2405,1
2186,46.8563,-114.0,1
2187,46.84,16.8439,1
2188,46.8399,-71.0,1
2189,46.8147,-92.0,1
2190,13.1029,77.5431,1
2191,46.8024,7.1513,1
2192,46.8,23.5167,1
2193,56.111,47.4776,1
2194,56.122,12.3106,1
2195,56.1325,101.6142,1
2196,2.0305,103.3169,1
2197,46.7313,-117.0,1
2198,48.3043,16.3614,1
2199,46.7058,-92.0,1
2200,56.1567,10.2108,1
2201,46.6842,-71.0,1
2202,46.65,21.2833,1
2203,56.1697,9.5451,1
2204,13.1438,79.9089,1
2205,46.907,26.9192,1
2206,46.9167,26.3333,1
2207,46.9462,7.5606,1
2208,55.7598,-120.0,1
2209,47.2214,38.9094,1
2210,47.2167,20.7667,1
2211,47.2115,-1.0,1
2212,47.2,26.3667,1
2213,55.734,36.8592,1
2214,47.1948,8.719,1
2215,47.1921,7.3959,1
2216,47.1833,20.2,1
2217,47.1167,51.8833,1
2218,47.1167,10.6167,1
2219,55.7559,9.4258,1
2220,47.0667,27.4167,1
2221,13.0982,80.1615,1
2222,47.0631,8.2778,1
2223,47.0594,8.3008,1
2224,47.0458,21.9183,1
2225,47.029,-65.0,1
2226,47.0129,-122.0,1
2227,2.9273,-75.0,1
2228,13.0744,80.2714,1
2229,46.9982,28.8095,1
2230,46.9753,7.45,1
2231,46.9648,18.9397,1
2232,46.951,4.2987,1
2233,46.6337,1.0627,1
2234,56.1783,34.2664,1
2235,45.8,24.15,1
2236,56.1951,-3.0,1
2237,46.1169,-60.0,1
2238,56.8584,35.9006,1
2239,46.0693,13.2371,1
2240,56.8619,35.8931,1
2241,1.4655,103.7578,1
2242,46.0314,18.2007,1
2243,56.902,35.8793,1
2244,46.0181,4.3774,1
2245,1.4346,103.7777,1
2246,45.9541,12.5027,1
2247,45.9454,-66.0,1
2248,45.9358,6.083,1
2249,1.4095,103.7503,1
2250,45.9088,6.1257,1
2251,1.4031,103.7027,1
2252,45.8997,-91.0,1
2253,45.8858,10.8412,1
2254,1.3894,103.9071,1
2255,1.3856,103.8652,1
2256,57.6495,-3.0,1
2257,1.3805,103.8937,1
2258,57.67,40.8231,1
2259,1.3616,103.8658,1
2260,45.8311,16.1164,1
2261,57.7708,40.9344,1
2262,56.8575,60.6125,1
2263,1.4726,103.878,1
2264,1.4835,103.6341,1
2265,46.3295,0.0,1
2266,56.2371,-117.0,1
2267,46.5547,15.6467,1
2268,46.5289,6.6178,1
2269,46.52,6.6305,1
2270,56.2406,42.1556,1
2271,46.5113,6.4985,1
2272,56.2414,43.4554,1
2273,13.536,144.8886,1
2274,46.4,13.0205,1
2275,1.881,103.3957,1
2276,13.5475,100.2736,1
2277,13.6,100.7167,1
2278,46.1961,6.1403,1
2279,46.3,25.3,1
2280,56.5121,13.0437,1
2281,1.5515,-77.0,1
2282,56.6549,43.4727,1
2283,56.6616,16.3616,1
2284,13.7298,100.5854,1
2285,56.6745,12.8568,1
2286,56.7,36.7667,1
2287,46.2237,7.3028,1
2288,46.2179,-63.0,1
2289,56.8162,24.614,1
2290,48.3007,4.0852,1
2291,48.6838,5.7873,1
2292,48.306,11.9069,1
2293,51.9167,4.6028,1
2294,50.5623,2.4313,1
2295,50.5516,9.6752,1
2296,5.9317,-73.0,1
2297,50.5102,1.7309,1
2298,51.8892,0.9042,1
2299,50.5097,18.6161,1
2300,51.8909,10.1785,1
2301,5.8,102.15,1
2302,51.903,7.6395,1
2303,51.9114,0.0,1
2304,50.4894,5.0951,1
2305,50.4782,-3.0,1
2306,9.967,76.3159,1
2307,9.919,78.1195,1
2308,5.7947,0.8973,1
2309,50.4669,4.8675,1
2310,51.9317,5.6319,1
2311,10.0024,-84.0,1
2312,51.9381,13.8883,1
2313,50.4455,18.8615,1
2314,50.4369,7.5452,1
2315,51.9385,8.8732,1
2316,50.4336,7.4706,1
2317,50.4333,6.65,1
2318,10.0162,-84.0,1
2319,51.9435,7.1681,1
2320,50.5916,8.4627,1
2321,51.8608,5.7667,1
2322,51.9583,9.2471,1
2323,50.7248,7.1555,1
2324,50.7745,12.0603,1
2325,50.7683,6.076,1
2326,51.7537,0.0,1
2327,50.7595,-1.0,1
2328,6.0911,-75.0,1
2329,51.7775,5.1083,1
2330,50.7593,25.3424,1
2331,51.7847,55.0986,1
2332,51.7928,-3.0,1
2333,50.7344,7.0955,1
2334,50.7323,7.1847,1
2335,50.7257,1.6139,1
2336,14.5732,121.0697,1
2337,51.8556,19.4062,1
2338,51.8056,5.8282,1
2339,50.7214,10.4439,1
2340,9.5463,78.5907,1
2341,50.6879,-2.0,1
2342,50.6836,4.3678,1
2343,50.6667,3.0833,1
2344,9.5999,105.9719,1
2345,50.662,8.7316,1
2346,50.6606,2.6721,1
2347,51.8482,1.2674,1
2348,50.6406,5.4718,1
2349,50.6393,19.5975,1
2350,50.4133,9.0064,1
2351,5.6919,-76.0,1
2352,51.743,7.1816,1
2353,50.096,8.7111,1
2354,50.1433,8.5711,1
2355,50.1316,8.9208,1
2356,52.0909,20.9348,1
2357,10.1667,-61.0,1
2358,52.1146,8.6734,1
2359,52.1346,0.0,1
2360,5.4019,100.3036,1
2361,52.155,5.3875,1
2362,10.2872,104.0105,1
2363,50.1,45.4,1
2364,5.3956,100.3111,1
2365,52.1844,20.8395,1
2366,52.1889,0.9977,1
2367,52.081,7.3054,1
2368,52.1893,-2.0,1
2369,52.216,13.4491,1
2370,50.0902,8.4493,1
2371,5.363,100.4667,1
2372,52.2286,21.0071,1
2373,50.0515,21.4114,1
2374,5.3271,100.2851,1
2375,50.0432,8.9739,1
2376,10.3766,123.9573,1
2377,52.2294,20.2384,1
2378,50.035,14.2343,1
2379,5.3205,103.0596,1
2380,52.0908,5.1222,1
2381,5.4906,-70.0,1
2382,50.4114,4.4445,1
2383,52.0167,4.7083,1
2384,50.4113,14.9032,1
2385,51.9745,8.4686,1
2386,50.4107,1.7262,1
2387,50.4097,36.9136,1
2388,50.3959,7.6243,1
2389,50.3879,-4.0,1
2390,50.3212,17.5746,1
2391,50.319,30.3808,1
2392,52.0003,7.6893,1
2393,52.0067,4.3556,1
2394,50.2976,18.6766,1
2395,52.0085,0.0,1
2396,50.2875,8.9437,1
2397,52.0692,8.7598,1
2398,52.0317,113.5009,1
2399,52.0324,23.1165,1
2400,10.1363,-64.0,1
2401,50.2649,28.6767,1
2402,10.162,-68.0,1
2403,52.0592,1.1555,1
2404,50.2327,12.8712,1
2405,52.0632,-1.0,1
2406,50.2262,18.9145,1
2407,10.1624,-66.0,1
2408,50.2023,10.0778,1
2409,52.0656,0.0,1
2410,51.75,0.0,1
2411,51.7391,6.291,1
2412,53.6942,88.0603,1
2413,51.5176,0.0,1
2414,51.3354,7.0435,1
2415,51.3225,4.9447,1
2416,51.319,0.0,1
2417,51.5144,-3.0,1
2418,51.2625,-1.0,1
2419,7.6611,-72.0,1
2420,51.2561,6.7808,1
2421,51.5149,7.466,1
2422,51.25,22.5667,1
2423,51.5158,0.0,1
2424,51.2487,-1.0,1
2425,51.5167,0.0,1
2426,51.5228,0.0,1
2427,51.3396,12.3713,1
2428,51.5237,0.0,1
2429,51.5247,39.1499,1
2430,51.2232,1.4043,1
2431,51.5265,0.0,1
2432,51.5313,20.0085,1
2433,8.1645,99.6804,1
2434,51.2213,4.466,1
2435,51.5333,14.5667,1
2436,8.179,77.4323,1
2437,8.4859,123.8048,1
2438,51.5337,-3.0,1
2439,51.1981,6.685,1
2440,51.5129,0.0,1
2441,51.346,-2.0,1
2442,51.5378,0.7143,1
2443,51.434,7.0161,1
2444,51.4767,-2.0,1
2445,51.4656,-2.0,1
2446,7.0682,-73.0,1
2447,51.4816,11.9795,1
2448,7.0084,100.4767,1
2449,51.4874,-2.0,1
2450,51.4552,-2.0,1
2451,51.4499,6.6901,1
2452,51.4449,0.0,1
2453,51.4424,0.0,1
2454,6.9553,79.922,1
2455,51.4406,0.1446,1
2456,51.4967,7.1136,1
2457,51.3521,0.5337,1
2458,51.4264,17.9336,1
2459,51.4992,0.0,1
2460,51.5018,0.0,1
2461,51.5085,-0.1257,1
2462,6.7926,-71.0,1
2463,51.3782,10.1374,1
2464,51.5128,0.0,1
2465,51.3746,0.0979,1
2466,51.3681,6.1844,1
2467,51.3667,1.4167,1
2468,51.3653,-2.0,1
2469,51.3579,0.0,1
2470,8.5189,-80.0,1
2471,51.5388,7.2257,1
2472,50.7865,30.3026,1
2473,6.3373,-75.0,1
2474,50.9174,14.1549,1
2475,51.6787,6.1589,1
2476,50.8936,7.0797,1
2477,50.8899,11.6086,1
2478,51.6803,7.8209,1
2479,50.8837,5.9815,1
2480,51.6896,5.1903,1
2481,6.3654,2.4183,1
2482,50.8693,4.3774,1
2483,50.8552,0.5729,1
2484,50.8516,-1.0,1
2485,50.8511,-1.0,1
2486,51.7104,5.3065,1
2487,51.6644,-3.0,1
2488,51.7108,94.4534,1
2489,50.8429,0.0,1
2490,50.8362,4.3145,1
2491,50.8309,0.0,1
2492,50.828,3.2649,1
2493,50.8185,6.2718,1
2494,50.818,0.0,1
2495,50.8043,6.493,1
2496,50.7965,19.1241,1
2497,51.7373,36.1874,1
2498,50.7893,-1.0,1
2499,50.7877,0.0,1
2500,50.9177,6.1234,1
2501,51.6632,-3.0,1
2502,51.1602,10.4482,1
2503,8.7674,78.1342,1
2504,51.5489,0.0,1
2505,51.1313,17.1133,1
2506,51.5567,0.0,1
2507,51.1252,5.3677,1
2508,51.113,0.0,1
2509,51.5573,5.0793,1
2510,51.5602,0.1792,1
2511,51.5756,8.1062,1
2512,51.0823,-113.0,1
2513,51.0513,16.1935,1
2514,51.5784,0.0,1
2515,51.0509,13.7383,1
2516,51.5877,-2.0,1
2517,50.9288,11.5899,1
2518,51.0149,-3.0,1
2519,51.6092,5.1431,1
2520,50.9925,7.0537,1
2521,8.9242,-67.0,1
2522,50.9856,7.133,1
2523,51.611,0.5233,1
2524,50.9787,11.0328,1
2525,51.6124,-1.0,1
2526,51.6128,0.0,1
2527,51.6138,7.1974,1
2528,51.6236,12.3239,1
2529,51.6556,39.1313,1
2530,52.234,4.4447,1
2531,50.0035,5.7184,1
2532,52.242,-6.0,1
2533,4.5754,101.1151,1
2534,11.31,106.0983,1
2535,48.8331,2.3264,1
2536,48.831,2.5484,1
2537,53.25,8.1167,1
2538,48.8167,9.1167,1
2539,53.2588,-2.0,1
2540,11.4134,76.6952,1
2541,48.7733,2.0739,1
2542,53.2833,69.4,1
2543,48.7729,9.1677,1
2544,48.7718,9.1686,1
2545,53.3018,-1.0,1
2546,48.7692,9.1937,1
2547,4.6114,101.1043,1
2548,53.3529,-1.0,1
2549,48.765,2.3961,1
2550,4.5595,101.0673,1
2551,48.7606,8.2398,1
2552,53.4001,-117.0,1
2553,48.7591,2.1697,1
2554,48.7416,7.3622,1
2555,48.7387,9.161,1
2556,48.7305,37.5879,1
2557,53.4355,-2.0,1
2558,11.5444,-72.0,1
2559,53.4378,-2.0,1
2560,53.2078,16.4825,1
2561,48.8445,2.0635,1
2562,48.6988,5.3048,1
2563,53.0916,23.1145,1
2564,53.0333,-1.0,1
2565,48.9258,2.4453,1
2566,11.0842,106.7883,1
2567,48.9188,2.254,1
2568,53.0373,-1.0,1
2569,48.9018,2.4893,1
2570,4.657,-74.0,1
2571,48.8967,2.2567,1
2572,48.8964,2.0904,1
2573,4.6239,-74.0,1
2574,53.0774,7.4044,1
2575,53.0853,50.1591,1
2576,53.1003,8.8752,1
2577,11.248,75.7804,1
2578,53.1043,-2.0,1
2579,48.8835,2.3219,1
2580,48.8817,2.3822,1
2581,53.1254,-1.0,1
2582,48.8714,2.2293,1
2583,48.8655,2.3426,1
2584,53.1412,8.2147,1
2585,53.1467,6.4972,1
2586,11.1525,76.9516,1
2587,48.8642,2.4432,1
2588,53.2,50.15,1
2589,48.8567,2.3497,1
2590,48.7139,21.2581,1
2591,53.4485,-2.0,1
2592,52.2447,0.4042,1
2593,48.409,11.7938,1
2594,12.0935,75.2025,1
2595,48.4815,-2.0,1
2596,53.5441,10.2005,1
2597,53.55,-2.0,1
2598,48.4765,-123.0,1
2599,48.4681,-2.0,1
2600,12.1084,-68.0,1
2601,48.4593,35.0386,1
2602,48.4298,9.255,1
2603,48.4295,2.7559,1
2604,48.4212,-122.0,1
2605,4.3612,18.555,1
2606,53.585,-113.0,1
2607,53.543,-2.0,1
2608,53.5971,-1.0,1
2609,53.5996,-113.0,1
2610,53.6079,10.1798,1
2611,48.3984,9.9916,1
2612,48.3928,10.0111,1
2613,53.6177,-2.0,1
2614,48.3903,-4.0,1
2615,48.3715,10.8985,1
2616,53.6246,55.9502,1
2617,53.649,-1.0,1
2618,53.6787,-1.0,1
2619,12.5183,76.7569,1
2620,48.4898,32.2737,1
2621,53.5405,-2.0,1
2622,48.6957,2.1873,1
2623,53.4986,-2.0,1
2624,11.6661,92.7464,1
2625,51.4684,0.0,1
2626,4.5343,-74.0,1
2627,48.6768,2.3483,1
2628,48.6329,-2.0,1
2629,48.6257,9.342,1
2630,53.4699,-2.0,1
2631,4.4389,-75.0,1
2632,53.497,-1.0,1
2633,48.5918,8.1169,1
2634,48.5887,2.1899,1
2635,11.8135,107.2443,1
2636,53.5001,-112.0,1
2637,48.5132,32.2597,1
2638,48.5693,13.4122,1
2639,53.5041,-2.0,1
2640,48.5575,7.6825,1
2641,48.5533,2.6759,1
2642,48.5498,8.7237,1
2643,48.5404,7.492,1
2644,53.5052,-1.0,1
2645,4.4126,-76.0,1
2646,53.5306,15.8097,1
2647,48.5337,2.5442,1
2648,53.5334,-113.0,1
2649,12.0017,102.3727,1
2650,48.9483,38.4917,1
2651,11.0333,77.0,1
2652,48.9745,14.4743,1
2653,49.4333,2.0833,1
2654,49.554,25.5907,1
2655,49.5377,7.4047,1
2656,52.3666,4.952,1
2657,49.5341,8.3536,1
2658,49.5108,11.4315,1
2659,49.4806,-119.0,1
2660,52.371,4.9041,1
2661,5.061,-74.0,1
2662,52.3989,13.0657,1
2663,4.9911,-73.0,1
2664,10.6954,106.5913,1
2665,4.878,-72.0,1
2666,49.4228,10.9577,1
2667,49.5559,25.6056,1
2668,52.4143,-1.0,1
2669,10.6967,106.7403,1
2670,52.4385,4.8264,1
2671,10.7208,-61.0,1
2672,52.4594,1.5647,1
2673,10.7668,106.7057,1
2674,52.4651,-1.0,1
2675,52.488,1.2348,1
2676,49.3445,7.1805,1
2677,49.3412,-124.0,1
2678,49.3357,-1.0,1
2679,49.3208,8.4311,1
2680,5.1801,97.1507,1
2681,49.5608,2.5879,1
2682,53.0167,-1.0,1
2683,52.2796,7.7146,1
2684,49.977,9.1521,1
2685,49.9653,16.9706,1
2686,49.9383,8.2119,1
2687,49.9215,15.4724,1
2688,49.9,2.3,1
2689,52.259,10.5002,1
2690,49.8931,13.3829,1
2691,49.8922,14.4004,1
2692,52.2606,9.0494,1
2693,52.2659,10.5267,1
2694,52.268,10.52,1
2695,49.8075,24.9006,1
2696,49.8019,73.1021,1
2697,52.3529,4.9422,1
2698,10.4631,-73.0,1
2699,49.7589,2.9113,1
2700,49.7557,6.6394,1
2701,10.5167,76.2167,1
2702,49.7202,23.9488,1
2703,10.5945,-66.0,1
2704,49.6493,1.7311,1
2705,52.314,0.0578,1
2706,49.6398,-1.0,1
2707,52.3357,-2.0,1
2708,52.339,9.8288,1
2709,52.3471,16.8927,1
2710,52.4939,13.3031,1
2711,52.4979,13.4908,1
2712,52.5,-2.0,1
2713,52.8348,-110.0,1
2714,52.6833,0.9333,1
2715,49.1988,-123.0,1
2716,4.7101,-74.0,1
2717,49.1894,-122.0,1
2718,52.7075,5.1403,1
2719,10.9577,-63.0,1
2720,52.7558,13.242,1
2721,49.1311,9.3272,1
2722,49.1201,12.1303,1
2723,10.9843,106.1249,1
2724,49.1063,-122.0,1
2725,49.0952,11.8097,1
2726,49.0694,10.3199,1
2727,49.303,6.1492,1
2728,49.0682,9.2907,1
2729,4.6926,-74.0,1
2730,52.8986,-1.0,1
2731,49.054,11.782,1
2732,49.0153,12.0577,1
2733,52.9054,-2.0,1
2734,48.9907,8.3719,1
2735,52.9263,-1.0,1
2736,4.6882,-74.0,1
2737,4.6768,-74.0,1
2738,52.9763,0.0,1
2739,52.9983,0.0,1
2740,52.6766,-2.0,1
2741,52.6714,4.8486,1
2742,52.6662,8.2375,1
2743,52.6646,-1.0,1
2744,52.5123,13.4394,1
2745,49.2788,-123.0,1
2746,49.2779,-123.0,1
2747,52.5148,13.1672,1
2748,52.5359,-1.0,1
2749,52.5367,103.8864,1
2750,49.2664,-122.0,1
2751,4.7351,-74.0,1
2752,52.5468,19.7064,1
2753,49.259,2.4378,1
2754,10.8033,106.6967,1
2755,52.554,33.2591,1
2756,52.5679,13.3714,1
2757,52.5853,-1.0,1
2758,49.2436,-122.0,1
2759,10.8788,77.2035,1
2760,49.2328,0.6239,1
2761,52.6158,-1.0,1
2762,10.88,77.1539,1
2763,49.2311,13.5202,1
2764,49.2307,6.5619,1
2765,10.8911,76.9087,1
2766,52.634,-1.0,1
2767,52.6386,-1.0,1
2768,4.7164,-74.0,1
2769,50.7236,-3.0,1
2770,27.0552,79.9188,1
2771,44.7784,17.1939,1
2772,35.8736,129.1906,1
2773,35.5537,129.3328,1
2774,35.5649,129.3498,1
2775,35.5849,-80.0,1
2776,35.6042,140.1009,1
2777,35.6218,139.7709,1
2778,35.6276,140.1719,1
2779,35.6537,139.6217,1
2780,35.6587,139.7377,1
2781,35.6719,139.6851,1
2782,22.1477,-100.0,1
2783,35.6765,139.7937,1
2784,21.9932,72.8705,1
2785,35.6829,-88.0,1
2786,35.687,-105.0,1
2787,21.9812,-159.0,1
2788,35.691,139.7679,1
2789,35.6939,139.6358,1
2790,35.5389,139.7469,1
2791,35.5352,139.7349,1
2792,35.5347,129.3334,1
2793,35.4436,139.6402,1
2794,22.2994,73.2081,1
2795,35.384,129.0198,1
2796,35.3942,139.5783,1
2797,35.4011,-80.0,1
2798,35.402,-90.0,1
2799,35.4191,136.7665,1
2800,35.4224,133.1889,1
2801,35.4521,-88.0,1
2802,35.5336,139.7398,1
2803,35.4681,44.3922,1
2804,35.4699,139.631,1
2805,35.47,133.0502,1
2806,35.4933,128.7489,1
2807,35.4996,129.3046,1
2808,35.506,139.6041,1
2809,35.514,139.5767,1
2810,35.7027,139.784,1
2811,35.7079,139.6244,1
2812,35.7082,139.6763,1
2813,35.8516,128.5241,1
2814,35.8291,127.114,1
2815,35.834,127.1378,1
2816,35.8391,127.1072,1
2817,35.8421,128.4756,1
2818,35.8428,129.2117,1
2819,35.8454,128.705,1
2820,35.8469,129.1668,1
2821,35.8528,128.8107,1
2822,35.8264,128.5539,1
2823,35.855,128.6781,1
2824,35.8564,128.6053,1
2825,35.8607,128.5134,1
2826,35.8633,128.1517,1
2827,35.8656,-84.0,1
2828,35.8663,-106.0,1
2829,35.8698,139.6725,1
2830,35.8272,127.1385,1
2831,35.8254,10.637,1
2832,35.7113,-78.0,1
2833,35.7867,128.5956,1
2834,21.8782,84.638,1
2835,35.7301,139.4317,1
2836,35.7365,139.6928,1
2837,35.7627,139.6407,1
2838,35.7691,139.7794,1
2839,21.8526,106.761,1
2840,35.7854,139.7233,1
2841,35.7914,127.116,1
2842,35.8247,128.6206,1
2843,35.7938,139.7728,1
2844,35.7939,139.6858,1
2845,35.798,140.1803,1
2846,35.7988,127.0955,1
2847,35.8103,127.0938,1
2848,21.8236,105.2142,1
2849,35.8182,127.1498,1
2850,35.334,-97.0,1
2851,35.315,46.9988,1
2852,35.3037,129.0018,1
2853,34.9722,135.9646,1
2854,34.9246,-80.0,1
2855,34.9414,127.6957,1
2856,22.6126,88.3701,1
2857,34.9509,128.2428,1
2858,34.9545,127.5283,1
2859,22.6,88.3833,1
2860,34.9667,136.6167,1
2861,22.5525,72.9552,1
2862,34.8812,127.5849,1
2863,34.998,-78.0,1
2864,35.0017,135.8603,1
2865,35.0067,135.7474,1
2866,35.0119,25.7423,1
2867,35.0223,126.7897,1
2868,22.5351,91.9192,1
2869,35.0267,135.7498,1
2870,34.9245,128.2762,1
2871,34.849,134.6818,1
2872,35.0395,135.7295,1
2873,34.7393,135.5253,1
2874,34.681,135.5047,1
2875,34.6945,135.199,1
2876,34.7,137.7333,1
2877,34.702,135.5159,1
2878,34.7136,135.5085,1
2879,34.7169,135.5846,1
2880,34.7191,135.7679,1
2881,22.6865,75.6146,1
2882,34.8241,135.4703,1
2883,34.7606,127.6621,1
2884,34.7667,137.3833,1
2885,34.7695,-92.0,1
2886,34.8006,126.6967,1
2887,22.6259,75.9278,1
2888,34.8167,135.4167,1
2889,34.8195,134.6497,1
2890,35.0331,-85.0,1
2891,35.0425,-90.0,1
2892,35.275,126.5138,1
2893,35.2184,126.8352,1
2894,35.1594,126.798,1
2895,35.1647,126.8575,1
2896,35.1706,138.5098,1
2897,35.1767,136.9739,1
2898,35.1921,136.9076,1
2899,35.2023,-84.0,1
2900,35.2097,136.9128,1
2901,22.3917,113.9716,1
2902,35.1567,126.8531,1
2903,35.2323,136.9994,1
2904,22.3125,73.1771,1
2905,35.2343,-97.0,1
2906,35.2362,-82.0,1
2907,35.2383,58.4656,1
2908,35.2472,129.2074,1
2909,35.2497,128.52,1
2910,35.1569,126.862,1
2911,35.1564,126.7893,1
2912,35.0499,135.8692,1
2913,35.1361,-84.0,1
2914,35.0726,-106.0,1
2915,35.0869,-84.0,1
2916,22.5309,88.3286,1
2917,35.11,129.0836,1
2918,35.1243,126.9132,1
2919,35.1306,126.9063,1
2920,35.1334,-90.0,1
2921,35.1402,129.1011,1
2922,35.1562,129.1179,1
2923,35.1475,126.8682,1
2924,35.1495,-90.0,1
2925,35.1527,126.8667,1
2926,35.155,129.0637,1
2927,35.1561,129.0374,1
2928,35.1561,129.0475,1
2929,35.1562,129.1083,1
2930,21.3365,72.7516,1
2931,35.8785,128.579,1
2932,44.7542,20.5541,1
2933,35.8859,139.6537,1
2934,36.6161,127.501,1
2935,36.6218,-79.0,1
2936,36.625,127.3287,1
2937,36.6323,-93.0,1
2938,21.1084,-101.0,1
2939,36.65,138.1833,1
2940,36.6591,137.2283,1
2941,36.6669,127.4923,1
2942,21.094,-101.0,1
2943,36.6771,137.2344,1
2944,36.6923,53.5526,1
2945,36.7035,127.1081,1
2946,36.7035,127.5087,1
2947,36.71,119.1019,1
2948,21.0372,-101.0,1
2949,36.7256,9.1817,1
2950,21.031,72.9751,1
2951,36.6008,126.6648,1
2952,36.6002,-121.0,1
2953,36.6001,127.3981,1
2954,36.47,2.8277,1
2955,36.3865,-80.0,1
2956,36.3966,126.5709,1
2957,36.3971,127.3997,1
2958,36.4029,10.1429,1
2959,36.4044,127.4058,1
2960,36.4561,10.7376,1
2961,36.4695,127.1372,1
2962,36.499,127.2249,1
2963,36.5974,136.6359,1
2964,36.5062,138.1235,1
2965,36.5271,138.0894,1
2966,36.539,127.2763,1
2967,21.1291,-101.0,1
2968,36.5667,139.8833,1
2969,21.1272,79.0655,1
2970,36.5937,-94.0,1
2971,21.0123,75.5659,1
2972,36.7528,-3.0,1
2973,36.7579,-3.0,1
2974,37.1282,126.9179,1
2975,20.8172,105.3376,1
2976,37.0108,127.2703,1
2977,37.0209,-93.0,1
2978,37.0479,-80.0,1
2979,20.7393,78.5978,1
2980,37.0961,-8.0,1
2981,37.1038,127.0895,1
2982,37.1386,-8.0,1
2983,36.9581,-4.0,1
2984,37.1566,-84.0,1
2985,37.1649,127.312,1
2986,37.1654,-93.0,1
2987,37.1671,38.7939,1
2988,37.1719,127.049,1
2989,37.1807,126.9331,1
2990,20.6881,-88.0,1
2991,36.9781,127.9259,1
2992,36.9475,127.9059,1
2993,36.7642,-2.0,1
2994,36.8116,127.1048,1
2995,36.7697,127.5955,1
2996,36.7739,-4.0,1
2997,36.7817,126.4522,1
2998,36.7828,137.038,1
2999,36.7968,127.1166,1
3000,36.8065,127.1522,1
3001,36.8108,127.7947,1
3002,36.812,34.6389,1
3003,36.9144,127.5386,1
3004,20.9754,-89.0,1
3005,36.8348,-81.0,1
3006,36.8381,-2.0,1
3007,36.8563,127.4462,1
3008,20.9578,-97.0,1
3009,36.8973,127.6732,1
3010,36.9081,30.6956,1
3011,36.3705,127.3135,1
3012,36.3686,127.3615,1
3013,36.3682,127.4491,1
3014,36.1457,128.3299,1
3015,36.1098,127.4815,1
3016,36.1135,127.4824,1
3017,36.1248,128.3673,1
3018,36.1316,-82.0,1
3019,36.1428,-80.0,1
3020,36.1433,-115.0,1
3021,36.144,-80.0,1
3022,36.1467,128.321,1
3023,36.0914,-115.0,1
3024,36.1504,-86.0,1
3025,36.1518,128.309,1
3026,21.2703,40.4158,1
3027,36.1897,-86.0,1
3028,36.1966,128.0083,1
3029,36.1979,127.47,1
3030,36.2,-86.0,1
3031,36.1031,127.4889,1
3032,36.088,126.8046,1
3033,36.2042,137.8142,1
3034,35.9526,139.6224,1
3035,35.8949,128.575,1
3036,35.9031,139.9429,1
3037,35.9066,139.6241,1
3038,35.9082,-75.0,1
3039,35.9086,139.4853,1
3040,35.9157,127.066,1
3041,35.941,128.561,1
3042,35.9539,126.9405,1
3043,21.2829,74.9714,1
3044,35.9552,127.7172,1
3045,35.9959,-115.0,1
3046,35.9985,138.1605,1
3047,36.0196,127.5661,1
3048,36.0292,129.3648,1
3049,36.0694,129.3741,1
3050,36.0726,-79.0,1
3051,36.2012,37.1612,1
3052,36.2066,36.1572,1
3053,36.365,127.4239,1
3054,36.3457,127.3781,1
3055,36.3299,127.3766,1
3056,21.1949,105.9547,1
3057,36.335,43.1189,1
3058,36.3381,127.3758,1
3059,36.3386,140.5903,1
3060,36.3407,127.3658,1
3061,21.1743,-86.0,1
3062,36.3507,127.4145,1
3063,36.3216,127.4336,1
3064,36.3512,127.437,1
3065,21.1431,79.1086,1
3066,36.3526,127.3717,1
3067,21.1422,-100.0,1
3068,36.3606,127.3935,1
3069,36.3644,127.4144,1
3070,36.365,6.6147,1
3071,36.3229,127.4365,1
3072,36.3216,127.4193,1
3073,36.2098,-86.0,1
3074,36.2986,127.5663,1
3075,36.2225,139.382,1
3076,36.2358,44.7947,1
3077,36.2688,50.0041,1
3078,36.2695,-95.0,1
3079,36.2803,127.2454,1
3080,36.2839,120.0033,1
3081,21.2424,-102.0,1
3082,36.3023,127.3923,1
3083,36.3163,127.4551,1
3084,36.3024,127.4421,1
3085,36.3049,127.3672,1
3086,36.3056,127.44,1
3087,36.3069,127.3914,1
3088,36.3077,127.3787,1
3089,36.3134,-82.0,1
3090,36.3156,127.4583,1
3091,34.672,135.4988,1
3092,34.6697,135.5042,1
3093,34.6636,133.9327,1
3094,34.6517,133.9164,1
3095,31.1988,-111.0,1
3096,25.6831,80.1142,1
3097,25.6749,-100.0,1
3098,25.6574,-80.0,1
3099,31.2518,34.7913,1
3100,31.2885,-92.0,1
3101,25.6062,-80.0,1
3102,31.3098,-89.0,1
3103,31.3116,-110.0,1
3104,31.319,48.6842,1
3105,25.5968,-80.0,1
3106,25.5616,-103.0,1
3107,31.4591,-85.0,1
3108,31.4612,74.1009,1
3109,31.5016,34.4667,1
3110,31.5143,75.3457,1
3111,31.5663,130.5623,1
3112,31.1624,120.6384,1
3113,25.6954,-100.0,1
3114,31.1164,-97.0,1
3115,25.7819,-100.0,1
3116,30.4206,-86.0,1
3117,30.4408,48.1843,1
3118,25.8046,-100.0,1
3119,30.5052,-97.0,1
3120,30.5085,47.7804,1
3121,30.5118,-96.0,1
3122,30.5422,-84.0,1
3123,25.7648,-100.0,1
3124,31.1117,30.9399,1
3125,25.7417,-100.0,1
3126,30.7544,31.4402,1
3127,30.8295,76.6897,1
3128,30.8385,-83.0,1
3129,30.8445,76.0807,1
3130,30.8975,75.9316,1
3131,25.6964,-80.0,1
3132,25.481,81.8515,1
3133,31.6223,74.8753,1
3134,31.7457,117.1611,1
3135,32.6833,-96.0,1
3136,32.5475,-85.0,1
3137,24.9896,121.3187,1
3138,32.5587,36.0082,1
3139,32.592,-85.0,1
3140,32.6041,-96.0,1
3141,24.955,66.9949,1
3142,24.8809,86.9226,1
3143,32.69,-96.0,1
3144,32.4927,74.5313,1
3145,32.7081,-116.0,1
3146,32.7319,-96.0,1
3147,32.7357,-97.0,1
3148,32.7582,-96.0,1
3149,32.7627,21.7551,1
3150,32.767,22.6367,1
3151,32.7766,-79.0,1
3152,32.5167,-117.0,1
3153,32.4715,-86.0,1
3154,31.7736,119.954,1
3155,31.9753,34.8893,1
3156,31.8092,75.2029,1
3157,25.4277,68.2642,1
3158,31.8715,-116.0,1
3159,31.8841,-116.0,1
3160,25.4232,-101.0,1
3161,31.9135,-87.0,1
3162,31.9167,131.4167,1
3163,32.0103,34.7792,1
3164,32.4487,-99.0,1
3165,32.0391,-81.0,1
3166,32.0782,34.8486,1
3167,32.0859,72.6742,1
3168,25.3158,74.6273,1
3169,32.3254,-95.0,1
3170,32.362,-95.0,1
3171,32.4401,-88.0,1
3172,30.4067,55.9939,1
3173,30.4047,71.8627,1
3174,30.3764,-97.0,1
3175,28.6654,77.4391,1
3176,28.5423,-81.0,1
3177,26.7492,-80.0,1
3178,28.5806,77.2201,1
3179,26.544,88.0944,1
3180,26.4835,89.5229,1
3181,28.6473,-17.0,1
3182,28.6625,-81.0,1
3183,28.6764,77.2074,1
3184,28.4522,-81.0,1
3185,28.6796,77.068,1
3186,28.8945,76.5892,1
3187,26.2794,50.2083,1
3188,28.9948,77.0194,1
3189,29.0004,-106.0,1
3190,29.0245,77.632,1
3191,29.0725,77.6691,1
3192,28.5289,-81.0,1
3193,26.7832,-80.0,1
3194,26.2792,-98.0,1
3195,27.9873,-81.0,1
3196,27.2655,-80.0,1
3197,27.5371,79.438,1
3198,27.5619,80.6826,1
3199,27.8397,-82.0,1
3200,27.8661,-82.0,1
3201,27.8936,-82.0,1
3202,27.9378,-82.0,1
3203,26.8218,75.6987,1
3204,28.4061,77.2331,1
3205,28.0836,-80.0,1
3206,28.0919,30.7581,1
3207,28.1147,-82.0,1
3208,28.1447,77.3255,1
3209,28.2326,-82.0,1
3210,28.3311,77.236,1
3211,28.3668,79.4317,1
3212,29.102,77.2633,1
3213,29.1064,119.6486,1
3214,30.3541,78.0315,1
3215,30.1582,-92.0,1
3216,26.1012,74.3203,1
3217,26.0806,-98.0,1
3218,25.9854,79.8384,1
3219,30.0445,72.3556,1
3220,25.8963,-80.0,1
3221,30.1502,-94.0,1
3222,30.158,-95.0,1
3223,30.1968,71.4782,1
3224,29.8836,-95.0,1
3225,30.2075,74.9389,1
3226,30.2784,-89.0,1
3227,30.2933,-81.0,1
3228,25.8576,-80.0,1
3229,30.296,-97.0,1
3230,30.3093,-97.0,1
3231,30.3244,78.0339,1
3232,29.9479,78.1603,1
3233,26.1223,-80.0,1
3234,29.1872,-82.0,1
3235,29.425,71.8489,1
3236,26.2326,127.6894,1
3237,29.3499,-98.0,1
3238,29.3666,-82.0,1
3239,29.3697,47.9783,1
3240,29.406,76.6704,1
3241,29.4123,107.4235,1
3242,26.167,-99.0,1
3243,26.1342,-80.0,1
3244,29.7991,-95.0,1
3245,29.5349,75.029,1
3246,29.5395,-98.0,1
3247,29.5785,-95.0,1
3248,29.5855,-98.0,1
3249,29.6196,-95.0,1
3250,29.699,-95.0,1
3251,26.1226,85.3906,1
3252,32.7813,-96.0,1
3253,24.851,89.3711,1
3254,32.7939,-96.0,1
3255,34.0699,-118.0,1
3256,34.0531,-6.0,1
3257,34.0534,-118.0,1
3258,23.2167,72.6833,1
3259,23.2,77.0833,1
3260,34.0584,-117.0,1
3261,34.0633,-117.0,1
3262,23.1856,72.401,1
3263,34.0754,-84.0,1
3264,23.255,-106.0,1
3265,34.0812,-117.0,1
3266,34.089,-118.0,1
3267,23.167,79.9501,1
3268,34.1339,-118.0,1
3269,34.1425,-118.0,1
3270,34.1446,-117.0,1
3271,34.1481,-117.0,1
3272,23.2303,-106.0,1
3273,34.0353,-118.0,1
3274,34.1802,-118.0,1
3275,33.9497,-118.0,1
3276,33.8932,-84.0,1
3277,33.9053,-98.0,1
3278,23.7362,90.4143,1
3279,33.9164,-118.0,1
3280,33.9167,-117.0,1
3281,23.7298,90.3854,1
3282,33.9493,131.2437,1
3283,23.6703,58.1891,1
3284,23.3303,75.0403,1
3285,33.9918,133.5723,1
3286,33.9931,-117.0,1
3287,33.9973,51.4416,1
3288,34.0032,-118.0,1
3289,23.3432,85.3094,1
3290,34.0268,-118.0,1
3291,34.0298,-118.0,1
3292,34.1688,131.4613,1
3293,34.1808,-118.0,1
3294,33.8707,-118.0,1
3295,34.5711,126.5989,1
3296,34.4802,-117.0,1
3297,34.5008,-117.0,1
3298,34.5037,-93.0,1
3299,34.5261,-82.0,1
3300,34.5271,-82.0,1
3301,34.5291,-117.0,1
3302,34.554,135.5647,1
3303,34.5913,135.5099,1
3304,34.4222,-117.0,1
3305,34.6017,-118.0,1
3306,34.6051,133.9809,1
3307,34.6128,135.5366,1
3308,34.6192,133.9235,1
3309,22.8173,70.8377,1
3310,34.6398,133.9214,1
3311,34.6401,50.8764,1
3312,34.4516,126.8179,1
3313,34.3977,132.4505,1
3314,23.133,-82.0,1
3315,34.2771,-118.0,1
3316,34.2143,-80.0,1
3317,34.2166,-117.0,1
3318,34.2257,-77.0,1
3319,34.2544,-118.0,1
3320,34.257,-85.0,1
3321,23.1115,114.4152,1
3322,23.0119,91.2826,1
3323,34.2784,-118.0,1
3324,34.3925,132.452,1
3325,34.3126,126.7531,1
3326,34.3129,134.1007,1
3327,34.3281,134.0772,1
3328,34.3308,-119.0,1
3329,34.3582,-86.0,1
3330,34.3722,132.3802,1
3331,34.3885,132.4748,1
3332,33.8772,115.7703,1
3333,23.7417,-99.0,1
3334,32.7972,-117.0,1
3335,24.5133,117.6556,1
3336,33.2333,130.3,1
3337,33.2333,131.6,1
3338,33.2373,131.6053,1
3339,33.2443,-86.0,1
3340,24.6515,-107.0,1
3341,24.6442,73.5487,1
3342,33.4413,-112.0,1
3343,24.5059,73.6109,1
3344,33.2204,105.5013,1
3345,24.324,109.407,1
3346,33.4717,-82.0,1
3347,33.4825,126.5685,1
3348,33.4845,126.4263,1
3349,33.4928,126.4884,1
3350,24.2164,83.0358,1
3351,33.4939,126.429,1
3352,33.2332,131.593,1
3353,33.1959,-117.0,1
3354,24.1444,-110.0,1
3355,32.9522,-96.0,1
3356,32.8152,-96.0,1
3357,32.8343,-97.0,1
3358,32.8756,-96.0,1
3359,32.8795,-111.0,1
3360,32.8958,-96.0,1
3361,24.8104,67.1333,1
3362,32.9297,10.4518,1
3363,24.7564,90.4065,1
3364,33.1891,131.6179,1
3365,32.9917,74.932,1
3366,32.9968,-96.0,1
3367,33.0151,-96.0,1
3368,33.0167,35.2667,1
3369,33.0277,-96.0,1
3370,33.0532,-96.0,1
3371,33.0934,-96.0,1
3372,33.4971,126.5334,1
3373,24.0718,75.0699,1
3374,33.8651,-84.0,1
3375,33.7525,-84.0,1
3376,33.7278,-84.0,1
3377,23.8056,88.6244,1
3378,33.7445,-118.0,1
3379,23.7931,90.4048,1
3380,33.7476,-116.0,1
3381,23.7916,90.4152,1
3382,33.7523,-117.0,1
3383,33.7691,-84.0,1
3384,33.7079,130.4268,1
3385,33.7722,120.2618,1
3386,23.7823,90.1838,1
3387,33.786,-84.0,1
3388,33.7869,-117.0,1
3389,33.8106,-118.0,1
3390,33.817,-118.0,1
3391,33.8303,-116.0,1
3392,33.7092,-117.0,1
3393,33.6654,-117.0,1
3394,33.5153,-112.0,1
3395,24.0245,88.9923,1
3396,24.0322,74.7816,1
3397,33.5215,-84.0,1
3398,33.5386,130.4668,1
3399,33.555,-116.0,1
3400,33.5566,130.3831,1
3401,33.5784,130.4185,1
3402,33.5806,-112.0,1
3403,23.9664,120.9695,1
3404,33.6409,-117.0,1
3405,33.5925,130.407,1
3406,33.5941,130.4381,1
3407,23.8179,90.4103,1
3408,33.6149,130.4292,1
3409,33.624,130.4478,1
3410,33.6332,73.0402,1
3411,33.6397,130.4748,1
3412,20.676,-103.0,1
3413,20.6712,-103.0,1
3414,37.2099,127.0073,1
3415,40.5068,-74.0,1
3416,41.4816,-81.0,1
3417,41.5009,-83.0,1
3418,41.5053,-82.0,1
3419,41.5422,-87.0,1
3420,41.5429,-83.0,1
3421,41.5433,2.1094,1
3422,41.5733,-90.0,1
3423,41.5842,32.6414,1
3424,41.6353,-70.0,1
3425,41.6355,-91.0,1
3426,41.6473,2.2979,1
3427,16.5231,100.1446,1
3428,41.6763,-85.0,1
3429,41.6883,-71.0,1
3430,41.6934,-87.0,1
3431,16.4834,99.5215,1
3432,41.7075,-86.0,1
3433,41.4362,-81.0,1
3434,41.4307,2.2186,1
3435,41.424,-73.0,1
3436,41.335,48.1414,1
3437,41.2557,-73.0,1
3438,16.7689,96.245,1
3439,16.7544,81.6814,1
3440,41.2845,-84.0,1
3441,41.2886,123.765,1
3442,41.3126,-81.0,1
3443,41.3303,-80.0,1
3444,41.3535,-1.0,1
3445,16.7073,96.0017,1
3446,41.3556,-72.0,1
3447,16.7394,-93.0,1
3448,41.3826,-81.0,1
3449,16.7167,98.5667,1
3450,41.3985,23.207,1
3451,41.4095,-75.0,1
3452,41.414,-73.0,1
3453,41.7582,-88.0,1
3454,41.764,-2.0,1
3455,27.0703,-109.0,1
3456,42.1043,1.8463,1
3457,42.029,13.4264,1
3458,16.2908,80.2623,1
3459,42.0441,14.7333,1
3460,42.0639,-87.0,1
3461,42.0654,-71.0,1
3462,42.0678,48.2899,1
3463,42.0776,-73.0,1
3464,42.1092,43.036,1
3465,42.0111,-87.0,1
3466,42.1211,-88.0,1
3467,16.2722,100.35,1
3468,42.1554,12.5947,1
3469,42.2209,-70.0,1
3470,42.2529,-71.0,1
3471,42.2624,-85.0,1
3472,42.3176,-82.0,1
3473,42.0283,-97.0,1
3474,41.9842,-86.0,1
3475,16.48,102.5233,1
3476,41.9001,-71.0,1
3477,41.8011,-88.0,1
3478,41.8269,2.8937,1
3479,41.8412,60.3927,1
3480,41.8426,-87.0,1
3481,41.8723,-85.0,1
3482,41.8798,-87.0,1
3483,16.3435,78.2022,1
3484,41.9019,-87.0,1
3485,41.9719,-87.0,1
3486,41.9209,-87.0,1
3487,41.922,-91.0,1
3488,41.9229,-87.0,1
3489,41.9342,25.5556,1
3490,41.9376,12.4557,1
3491,41.9463,-87.0,1
3492,41.9697,-74.0,1
3493,41.2534,-76.0,1
3494,41.223,-111.0,1
3495,41.1792,-73.0,1
3496,40.7597,-73.0,1
3497,17.456,78.6476,1
3498,40.7236,-74.0,1
3499,40.7262,-73.0,1
3500,40.7337,-82.0,1
3501,17.3939,78.4529,1
3502,40.7471,-73.0,1
3503,40.7584,-82.0,1
3504,40.7607,-74.0,1
3505,40.714,-73.0,1
3506,40.7673,-74.0,1
3507,40.7684,-73.0,1
3508,40.7721,-73.0,1
3509,40.7812,-73.0,1
3510,40.7879,-74.0,1
3511,17.3872,78.4621,1
3512,40.7934,-77.0,1
3513,40.7166,-74.0,1
3514,17.4738,121.468,1
3515,40.8067,-77.0,1
3516,40.6084,-75.0,1
3517,40.5142,-88.0,1
3518,17.908,77.5152,1
3519,40.5644,-74.0,1
3520,40.5813,-105.0,1
3521,17.6248,78.0867,1
3522,40.5976,-73.0,1
3523,40.6,-6.0,1
3524,40.6249,15.1035,1
3525,40.7062,-74.0,1
3526,17.5306,78.4435,1
3527,40.6532,22.9416,1
3528,40.661,-7.0,1
3529,40.6628,-73.0,1
3530,40.6755,14.7933,1
3531,40.6976,-74.0,1
3532,40.6998,-73.0,1
3533,17.3753,78.4744,1
3534,40.81,114.8794,1
3535,41.1668,-73.0,1
3536,41.1136,-78.0,1
3537,16.9811,100.332,1
3538,41.0186,28.9322,1
3539,16.9604,82.2381,1
3540,41.0835,-81.0,1
3541,41.085,23.5476,1
3542,41.0859,14.2767,1
3543,41.1075,-81.0,1
3544,41.1192,-78.0,1
3545,17.0659,79.8955,1
3546,41.1207,16.8698,1
3547,41.1257,-80.0,1
3548,41.1278,-81.0,1
3549,41.1412,-73.0,1
3550,16.9452,82.2385,1
3551,41.1468,-85.0,1
3552,16.8625,81.9292,1
3553,41.0164,29.1248,1
3554,41.0065,28.9315,1
3555,40.8125,0.5216,1
3556,40.8809,-88.0,1
3557,17.2974,78.3132,1
3558,40.8407,-72.0,1
3559,40.8432,14.2137,1
3560,40.8483,-74.0,1
3561,17.2477,80.1437,1
3562,40.8612,-79.0,1
3563,40.8687,-73.0,1
3564,40.8929,-73.0,1
3565,40.9901,-75.0,1
3566,40.9167,72.1167,1
3567,17.1021,-96.0,1
3568,40.9267,-81.0,1
3569,40.9304,29.132,1
3570,40.9312,-73.0,1
3571,40.9481,-4.0,1
3572,40.9797,14.2309,1
3573,16.0706,108.191,1
3574,42.3489,-71.0,1
3575,42.3611,-71.0,1
3576,43.7335,-79.0,1
3577,43.6496,-79.0,1
3578,43.6518,-79.0,1
3579,43.6635,7.1479,1
3580,43.6827,-79.0,1
3581,43.7135,-79.0,1
3582,43.7163,13.2088,1
3583,43.7258,20.6894,1
3584,43.7915,-79.0,1
3585,15.0533,104.0275,1
3586,43.7942,-79.0,1
3587,43.7946,-79.0,1
3588,43.8016,-79.0,1
3589,43.8113,-79.0,1
3590,43.8156,-79.0,1
3591,43.8227,-79.0,1
3592,43.8319,11.1992,1
3593,43.6481,51.1722,1
3594,43.6249,-79.0,1
3595,14.9039,-92.0,1
3596,15.3478,75.1338,1
3597,43.4,24.4333,1
3598,43.4009,-3.0,1
3599,43.4022,-5.0,1
3600,43.4173,5.2146,1
3601,43.4201,3.366,1
3602,43.4203,-3.0,1
3603,43.4248,-83.0,1
3604,43.4334,-4.0,1
3605,15.0861,76.5469,1
3606,43.4464,-79.0,1
3607,43.4501,-79.0,1
3608,43.4647,-3.0,1
3609,43.5357,-5.0,1
3610,43.6007,6.9952,1
3611,15.2447,105.2291,1
3612,43.6192,-79.0,1
3613,43.8437,10.5045,1
3614,43.8602,-79.0,1
3615,43.3799,-79.0,1
3616,44.5263,-109.0,1
3617,44.4589,26.1656,1
3618,44.4834,-80.0,1
3619,44.4914,26.0602,1
3620,14.5876,121.0596,1
3621,44.5022,34.1662,1
3622,44.5213,11.3469,1
3623,44.5256,5.0618,1
3624,44.5637,129.4908,1
3625,44.4273,10.7905,1
3626,44.6078,40.1058,1
3627,44.6533,-63.0,1
3628,44.6784,-63.0,1
3629,44.6983,10.6312,1
3630,44.702,-63.0,1
3631,44.7091,-63.0,1
3632,44.7445,-68.0,1
3633,44.4528,26.1332,1
3634,14.5916,121.0147,1
3635,14.6626,121.0112,1
3636,44.1068,-78.0,1
3637,43.8826,-1.0,1
3638,43.9298,2.148,1
3639,43.969,12.4817,1
3640,43.9714,-78.0,1
3641,44.0032,-92.0,1
3642,44.0185,-123.0,1
3643,44.0229,20.8335,1
3644,44.1739,5.1321,1
3645,44.4001,-79.0,1
3646,44.1834,-81.0,1
3647,14.5942,78.5363,1
3648,44.309,8.4771,1
3649,44.3167,23.8,1
3650,44.3572,-79.0,1
3651,44.3711,25.9775,1
3652,44.3833,26.1667,1
3653,43.3828,-3.0,1
3654,43.3494,-4.0,1
3655,42.3642,-71.0,1
3656,42.6584,-83.0,1
3657,42.587,-82.0,1
3658,42.5991,-83.0,1
3659,15.9876,108.1389,1
3660,42.6167,25.4,1
3661,42.6496,-71.0,1
3662,42.6526,-73.0,1
3663,42.656,-71.0,1
3664,42.6974,-87.0,1
3665,42.5617,-87.0,1
3666,42.7159,-78.0,1
3667,42.7262,-83.0,1
3668,15.8196,74.5037,1
3669,42.7334,-84.0,1
3670,42.7767,-8.0,1
3671,42.85,140.7333,1
3672,42.8619,-8.0,1
3673,42.5627,-83.0,1
3674,42.5597,-83.0,1
3675,15.6118,105.0215,1
3676,16.0215,80.9181,1
3677,42.3989,-87.0,1
3678,42.4098,-82.0,1
3679,42.4122,-82.0,1
3680,42.4292,-76.0,1
3681,42.4334,-71.0,1
3682,16.0329,104.3394,1
3683,42.4531,59.6103,1
3684,42.4604,-83.0,1
3685,42.5114,14.1451,1
3686,42.4731,-92.0,1
3687,42.4734,-83.0,1
3688,42.4755,-92.0,1
3689,42.4793,-71.0,1
3690,42.4795,-79.0,1
3691,42.4876,-72.0,1
3692,42.5051,-83.0,1
3693,42.8656,-73.0,1
3694,42.8806,-71.0,1
3695,43.3182,11.3306,1
3696,43.2167,-8.0,1
3697,43.1587,-76.0,1
3698,43.1624,-87.0,1
3699,43.1778,13.7941,1
3700,43.1836,-89.0,1
3701,43.2129,-75.0,1
3702,43.213,-8.0,1
3703,43.2137,-77.0,1
3704,43.2167,27.9167,1
3705,43.1291,-94.0,1
3706,43.2341,0.0714,1
3707,43.2364,-87.0,1
3708,15.4034,74.0152,1
3709,15.381,75.1084,1
3710,15.379,105.0279,1
3711,43.3062,10.5173,1
3712,43.3128,-1.0,1
3713,43.1476,-77.0,1
3714,43.1165,1.6108,1
3715,15.6065,120.5978,1
3716,43.0631,-89.0,1
3717,42.9134,-85.0,1
3718,42.9568,13.8768,1
3719,42.9582,-81.0,1
3720,42.9723,-123.0,1
3721,42.9791,144.4027,1
3722,43.0372,-89.0,1
3723,15.4957,73.8262,1
3724,43.0667,141.35,1
3725,43.1122,12.3888,1
3726,43.0668,-79.0,1
3727,43.0712,-87.0,1
3728,15.4159,75.0527,1
3729,43.0736,-89.0,1
3730,43.0812,25.629,1
3731,43.0831,-73.0,1
3732,43.105,-88.0,1
3733,40.5076,141.54,1
3734,40.5,141.5,1
3735,37.2149,127.7753,1
3736,18.0358,-76.0,1
3737,37.5723,126.9641,1
3738,37.5735,-122.0,1
3739,37.5769,15.0937,1
3740,37.5785,127.0928,1
3741,37.5799,-84.0,1
3742,37.5815,127.0454,1
3743,37.5841,-122.0,1
3744,19.4436,-99.0,1
3745,37.5853,127.0327,1
3746,37.5874,127.0774,1
3747,37.5876,127.0017,1
3748,37.5878,126.9152,1
3749,37.5887,127.0746,1
3750,37.5906,127.0025,1
3751,37.5942,127.0091,1
3752,37.5952,126.988,1
3753,37.5952,127.0244,1
3754,19.4522,-99.0,1
3755,37.5696,127.0281,1
3756,37.5694,127.1585,1
3757,37.5548,127.0093,1
3758,37.5447,126.9318,1
3759,37.5457,126.9663,1
3760,19.5356,-99.0,1
3761,37.5498,-77.0,1
3762,37.5499,127.1751,1
3763,37.5523,127.0116,1
3764,37.553,126.9228,1
3765,37.5563,126.9481,1
3766,37.5676,126.9216,1
3767,37.5596,126.9769,1
3768,37.5598,126.9439,1
3769,37.562,127.1757,1
3770,37.5625,126.9866,1
3771,19.5312,-96.0,1
3772,19.458,-99.0,1
3773,37.5671,127.0499,1
3774,37.6038,127.1115,1
3775,37.6057,126.9195,1
3776,37.6102,127.0071,1
3777,37.7249,-122.0,1
3778,37.6686,126.7245,1
3779,19.3878,-99.0,1
3780,37.681,126.815,1
3781,37.6875,-122.0,1
3782,37.6877,127.0535,1
3783,37.7211,-3.0,1
3784,37.724,127.0921,1
3785,19.3532,-98.0,1
3786,37.6645,127.0674,1
3787,37.7415,127.0474,1
3788,37.7428,127.0526,1
3789,37.7429,127.0588,1
3790,37.7503,127.2265,1
3791,37.7509,-122.0,1
3792,37.7587,128.8877,1
3793,37.7589,-122.0,1
3794,37.6673,126.7521,1
3795,37.6619,127.0724,1
3796,37.6142,127.0514,1
3797,37.6468,127.0267,1
3798,37.6203,126.7256,1
3799,37.6213,127.0296,1
3800,37.6217,126.9334,1
3801,37.6277,127.024,1
3802,19.4176,-99.0,1
3803,37.6425,126.7115,1
3804,37.6438,126.9141,1
3805,37.6492,127.0477,1
3806,37.6605,127.0704,1
3807,37.6503,126.6328,1
3808,37.6511,127.3313,1
3809,37.6517,127.0315,1
3810,37.6525,126.7941,1
3811,37.6535,127.2584,1
3812,37.6553,12.5899,1
3813,37.6556,127.2887,1
3814,37.542,126.9547,1
3815,37.5395,-122.0,1
3816,37.534,126.8202,1
3817,37.3184,-84.0,1
3818,37.3042,-121.0,1
3819,37.3044,127.0901,1
3820,37.3048,127.908,1
3821,37.3066,-122.0,1
3822,37.3107,13.5766,1
3823,37.3169,-89.0,1
3824,20.5235,-100.0,1
3825,37.3212,127.0944,1
3826,37.3021,126.9881,1
3827,37.3219,126.9757,1
3828,20.503,-97.0,1
3829,37.326,126.7697,1
3830,37.3343,-79.0,1
3831,20.4339,106.1773,1
3832,37.3489,-108.0,1
3833,37.3496,127.1185,1
3834,20.6113,-103.0,1
3835,37.2985,127.045,1
3836,20.0458,110.3417,1
3837,37.2685,-121.0,1
3838,37.2181,28.3665,1
3839,37.2243,127.0509,1
3840,37.2429,127.1962,1
3841,37.2503,126.9259,1
3842,37.2513,127.0777,1
3843,37.2563,-121.0,1
3844,37.257,127.1144,1
3845,37.271,-79.0,1
3846,37.2983,-83.0,1
3847,37.2718,127.1356,1
3848,37.2859,126.9864,1
3849,37.2876,127.0081,1
3850,37.2886,-121.0,1
3851,37.293,127.0161,1
3852,37.2974,126.8537,1
3853,37.2982,127.191,1
3854,20.2117,-87.0,1
3855,37.3555,126.9413,1
3856,19.5757,-99.0,1
3857,37.4777,127.1852,1
3858,19.7047,-103.0,1
3859,37.4565,127.002,1
3860,37.46,126.6448,1
3861,37.4614,126.6401,1
3862,37.4642,126.7502,1
3863,37.4704,126.8764,1
3864,37.4727,126.9406,1
3865,37.4791,126.9421,1
3866,19.79,99.6997,1
3867,37.4861,126.8743,1
3868,37.4929,126.8682,1
3869,37.4957,126.7523,1
3870,19.6921,-101.0,1
3871,37.5119,126.7682,1
3872,37.5133,-77.0,1
3873,37.5233,129.1215,1
3874,37.4395,127.1769,1
3875,37.4334,127.2438,1
3876,37.3596,126.9317,1
3877,37.3972,127.1113,1
3878,37.3635,126.9232,1
3879,37.3656,127.1598,1
3880,37.3703,128.3931,1
3881,37.3827,128.6719,1
3882,20.0309,-100.0,1
3883,20.0296,73.7156,1
3884,37.394,126.7261,1
3885,19.9569,-88.0,1
3886,37.4246,127.2575,1
3887,37.4011,-77.0,1
3888,37.402,-86.0,1
3889,37.4027,126.7087,1
3890,19.8211,-90.0,1
3891,19.8026,-104.0,1
3892,37.4056,126.9665,1
3893,19.7992,-99.0,1
3894,37.7662,127.3732,1
3895,37.7735,126.7031,1
3896,19.3519,-99.0,1
3897,39.8682,-86.0,1
3898,39.7436,-8.0,1
3899,39.746,-75.0,1
3900,39.7683,-105.0,1
3901,39.7821,-86.0,1
3902,39.7886,-85.0,1
3903,39.8007,-76.0,1
3904,39.807,-82.0,1
3905,39.9058,32.8191,1
3906,39.7167,140.1167,1
3907,39.9074,-75.0,1
3908,39.9108,-105.0,1
3909,39.9115,32.858,1
3910,18.5435,-72.0,1
3911,39.9167,-8.0,1
3912,39.926,-75.0,1
3913,39.9274,-82.0,1
3914,18.6016,-98.0,1
3915,39.6844,106.8158,1
3916,39.9474,-75.0,1
3917,39.4785,-74.0,1
3918,39.2904,-76.0,1
3919,39.3093,-76.0,1
3920,39.3265,-76.0,1
3921,39.3716,-76.0,1
3922,39.446,-75.0,1
3923,18.6032,73.7626,1
3924,39.4698,0.0,1
3925,39.4803,-8.0,1
3926,39.6333,118.1833,1
3927,39.4812,-76.0,1
3928,39.5,0.0,1
3929,39.5051,-76.0,1
3930,39.5097,116.6947,1
3931,39.5296,-107.0,1
3932,39.563,-95.0,1
3933,39.6012,-104.0,1
3934,39.9404,-76.0,1
3935,39.9487,-75.0,1
3936,39.2804,-81.0,1
3937,40.4482,-122.0,1
3938,40.2987,-83.0,1
3939,40.3139,36.5544,1
3940,40.3535,-74.0,1
3941,18.3419,-64.0,1
3942,18.1042,-94.0,1
3943,40.4418,-75.0,1
3944,40.4477,-79.0,1
3945,40.4554,-3.0,1
3946,40.2796,-75.0,1
3947,40.4568,-74.0,1
3948,40.4598,-79.0,1
3949,40.4776,-74.0,1
3950,40.482,-3.0,1
3951,40.4837,-79.0,1
3952,40.4842,-88.0,1
3953,40.4929,-3.0,1
3954,18.3454,-99.0,1
3955,40.272,-81.0,1
3956,39.9513,-75.0,1
3957,40.0758,20.1389,1
3958,39.9537,-74.0,1
3959,39.9618,18.3112,1
3960,39.9743,-75.0,1
3961,39.9784,-86.0,1
3962,39.9821,32.8246,1
3963,39.9857,0.0,1
3964,40.0368,32.5993,1
3965,40.0893,-75.0,1
3966,40.2597,-76.0,1
3967,18.5131,73.7825,1
3968,40.1207,-75.0,1
3969,40.144,-75.0,1
3970,18.5,-70.0,1
3971,18.4993,98.3649,1
3972,18.4917,-69.0,1
3973,40.2151,-75.0,1
3974,39.2851,-84.0,1
3975,39.2721,-76.0,1
3976,19.3321,-99.0,1
3977,38.116,13.3178,1
3978,38.0062,23.7837,1
3979,38.0251,12.5484,1
3980,19.25,-103.0,1
3981,38.0513,-84.0,1
3982,38.0754,128.4827,1
3983,38.0864,-92.0,1
3984,38.1105,15.6613,1
3985,38.2201,15.2402,1
3986,37.985,-103.0,1
3987,38.2306,-85.0,1
3988,38.2494,-122.0,1
3989,38.2507,-122.0,1
3990,38.2528,140.3314,1
3991,38.3089,-85.0,1
3992,38.3229,26.764,1
3993,38.3452,0.0,1
3994,38.0045,-85.0,1
3995,19.2629,-103.0,1
3996,19.181,-96.0,1
3997,19.3008,-99.0,1
3998,37.7786,-122.0,1
3999,37.7799,-121.0,1
4000,37.7809,-90.0,1
4001,37.7864,-122.0,1
4002,37.8025,127.0935,1
4003,19.311,-99.0,1
4004,37.8199,127.0932,1
4005,19.294,-99.0,1
4006,37.9504,-122.0,1
4007,37.8737,127.7721,1
4008,37.8795,127.735,1
4009,37.8811,-4.0,1
4010,37.8834,127.7338,1
4011,37.8903,127.7535,1
4012,37.8991,127.6926,1
4013,19.2703,-98.0,1
4014,38.3791,-4.0,1
4015,19.0832,72.8748,1
4016,39.2571,-8.0,1
4017,18.8508,-97.0,1
4018,38.8916,-121.0,1
4019,18.9439,-99.0,1
4020,38.9318,-77.0,1
4021,38.9381,-77.0,1
4022,38.9394,-9.0,1
4023,38.9575,-94.0,1
4024,38.9687,-77.0,1
4025,38.9996,-76.0,1
4026,38.8814,-94.0,1
4027,39.0095,-98.0,1
4028,18.8106,-98.0,1
4029,18.7993,110.3841,1
4030,18.7793,105.646,1
4031,39.111,-84.0,1
4032,39.1419,-77.0,1
4033,18.6466,-97.0,1
4034,38.8825,16.6009,1
4035,18.95,72.8167,1
4036,38.4326,-82.0,1
4037,19.0479,-98.0,1
4038,19.0737,-98.0,1
4039,38.4778,0.0,1
4040,38.4905,-78.0,1
4041,38.4946,43.3832,1
4042,38.4953,27.6997,1
4043,38.577,-90.0,1
4044,38.5816,-121.0,1
4045,38.7067,-8.0,1
4046,38.8511,115.4903,1
4047,19.0339,72.8463,1
4048,38.7628,-93.0,1
4049,38.767,-9.0,1
4050,18.9554,-99.0,1
4051,38.8276,-91.0,1
4052,38.8339,-104.0,1
4053,38.8404,-77.0,1
4054,41.7814,-87.0,1
